[Licensing::Module] Trying to connect to existing licensing client channel...
Built from '6000.3/staging' branch; Version is '6000.3.5f1 (a1ec4b2f2d19) revision 10611787'; Using compiler version '194234433'; Build Type 'Release'
[Licensing::IpcConnector] Successfully connected to: "LicenseClient-kcradic" at "2026-01-22T22:57:53.9416364Z"
OS: 'Windows 11  (10.0.26200) Professional' Language: 'en' Physical Memory: 32201 MB
BatchMode: 1, IsHumanControllingUs: 0, StartBugReporterOnCrash: 0, Is64bit: 1
System  architecture: x64
Process architecture: x64
Date: 2026-01-22T22:57:53Z

COMMAND LINE ARGUMENTS:
C:\Program Files\Unity\Hub\Editor\6000.3.5f1\Editor\Unity.exe
-adb2
-batchMode
-noUpm
-name
AssetImportWorker12
-projectPath
C:/Users/kcradic/Desktop/GAT420/AI-Unity
-logFile
Logs/AssetImportWorker12.log
-srvPort
64441
-job-worker-count
10
-background-job-worker-count
8
-gc-helper-count
1
-name
AssetImport
Successfully changed project path to: C:/Users/kcradic/Desktop/GAT420/AI-Unity
C:/Users/kcradic/Desktop/GAT420/AI-Unity
[UnityMemory] Configuration Parameters - Can be set up in boot.config
    "memorysetup-temp-allocator-size-nav-mesh-worker=65536"
    "memorysetup-temp-allocator-size-audio-worker=65536"
    "memorysetup-temp-allocator-size-gfx=262144"
    "memorysetup-allocator-temp-initial-block-size-main=262144"
    "memorysetup-allocator-temp-initial-block-size-worker=262144"
    "memorysetup-temp-allocator-size-background-worker=32768"
    "memorysetup-temp-allocator-size-job-worker=262144"
    "memorysetup-temp-allocator-size-preload-manager=33554432"
    "memorysetup-temp-allocator-size-gi-baking-worker=262144"
    "memorysetup-temp-allocator-size-gi-baking-worker=262144"
    "memorysetup-temp-allocator-size-gi-baking-worker=262144"
    "memorysetup-temp-allocator-size-gi-baking-worker=262144"
    "memorysetup-temp-allocator-size-gi-baking-worker=262144"
    "memorysetup-bucket-allocator-granularity=16"
    "memorysetup-bucket-allocator-bucket-count=8"
    "memorysetup-bucket-allocator-block-size=33554432"
    "memorysetup-bucket-allocator-block-count=8"
    "memorysetup-main-allocator-block-size=16777216"
    "memorysetup-thread-allocator-block-size=16777216"
    "memorysetup-gfx-main-allocator-block-size=16777216"
    "memorysetup-gfx-thread-allocator-block-size=16777216"
    "memorysetup-cache-allocator-block-size=4194304"
    "memorysetup-typetree-allocator-block-size=2097152"
    "memorysetup-profiler-bucket-allocator-granularity=16"
    "memorysetup-profiler-bucket-allocator-bucket-count=8"
    "memorysetup-profiler-bucket-allocator-block-size=33554432"
    "memorysetup-profiler-bucket-allocator-block-count=8"
    "memorysetup-profiler-allocator-block-size=16777216"
    "memorysetup-profiler-editor-allocator-block-size=1048576"
    "memorysetup-temp-allocator-size-main=16777216"
    "memorysetup-job-temp-allocator-block-size=2097152"
    "memorysetup-job-temp-allocator-block-size-background=1048576"
    "memorysetup-job-temp-allocator-reduction-small-platforms=262144"
    "memorysetup-temp-allocator-size-cloud-worker=32768"
Player connection [51608]  Target information:

Player connection [51608]  * "[IP] 192.168.0.211 [Port] 0 [Flags] 2 [Guid] 940722960 [EditorId] 940722960 [Version] 1048832 [Id] WindowsEditor(7,LAPTOP-HAIQD4K7) [Debug] 1 [PackageName] WindowsEditor [ProjectName] Editor" 

Player connection [51608] Host joined multi-casting on [225.0.0.222:54997]...
Player connection [51608] Host joined alternative multi-casting on [225.0.0.222:34997]...
JobSystem: Creating JobQueue using job-worker-count value 10
Input System module state changed to: Initialized.
[Physics::Module] Initialized fallback backend.
[Physics::Module] Id: 0xdecafbad
Library Redirect Path: Library/
[Physics::Module] Selected backend.
[Physics::Module] Name: PhysX
[Physics::Module] Id: 0xf2b8ea05
[Physics::Module] SDK Version: 4.1.2
[Physics::Module] Integration Version: 1.0.0
[Physics::Module] Threading Mode: Multi-Threaded
Refreshing native plugins compatible for Editor in 3.58 ms, found 3 plugins.
Preloading 0 native plugins for Editor in 0.00 ms.
Initialize engine version: 6000.3.5f1 (a1ec4b2f2d19)
[Subsystems] Discovering subsystems at path C:/Program Files/Unity/Hub/Editor/6000.3.5f1/Editor/Data/Resources/UnitySubsystems
[Subsystems] Discovering subsystems at path C:/Users/kcradic/Desktop/GAT420/AI-Unity/Assets
GfxDevice: creating device client; kGfxThreadingModeNonThreaded
Direct3D:
    Version:  Direct3D 11.0 [level 11.1]
    Renderer: NVIDIA GeForce RTX 4060 Laptop GPU (ID=0x28a0)
    Vendor:   NVIDIA
    VRAM:     7956 MB
    Driver:   32.0.15.9144
Initialize mono
Mono path[0] = 'C:/Program Files/Unity/Hub/Editor/6000.3.5f1/Editor/Data/Managed'
Mono path[1] = 'C:/Program Files/Unity/Hub/Editor/6000.3.5f1/Editor/Data/MonoBleedingEdge/lib/mono/unityjit-win32'
Mono config path = 'C:/Program Files/Unity/Hub/Editor/6000.3.5f1/Editor/Data/MonoBleedingEdge/etc'
Using monoOptions --debugger-agent=transport=dt_socket,embedding=1,server=y,suspend=n,address=127.0.0.1:56848
Begin MonoManager ReloadAssembly
Registering precompiled unity dll's ...
Register platform support module: C:/Program Files/Unity/Hub/Editor/6000.3.5f1/Editor/Data/PlaybackEngines/WindowsStandaloneSupport/UnityEditor.WindowsStandalone.Extensions.dll
[Licensing::Module] Licensing is not yet initialized.
[Licensing::Client] Handshaking with LicensingClient:
  Version:                 1.17.4+4293ba1
  Session Id:              bbd2c1624a384d248117c0fd7bacc4b9
  Correlation Id:          1ed6689f882ce26345b0b39505bdd97b
  External correlation Id: 394825655049579599
  Machine Id:              9cLKc2r+jZTZqjbriGjInryabSk=
[Licensing::Module] Successfully connected to LicensingClient on channel: "LicenseClient-kcradic" (connect: 0.00s, validation: 0.00s, handshake: 1.77s)
[Licensing::IpcConnector] Successfully connected to: "LicenseClient-kcradic-notifications" at "2026-01-22T22:57:55.7093283Z"
[Licensing::Module] Licensing Background thread has ended after 1.77s
[Licensing::Module] Licensing is initialized (took 0.68s).
[Licensing::Client] Successfully resolved entitlement details
[Licensing::Module] License group:
  Id: 1375665316658-UnityPersXXXX
  Product: Unity Personal
  Type: Assigned
  Expiration: Unlimited
Register platform support module: C:/Program Files/Unity/Hub/Editor/6000.3.5f1/Editor/Data/PlaybackEngines/AndroidPlayer/UnityEditor.Android.Extensions.dll
Registered in 0.688618 seconds.
- Loaded All Assemblies, in  1.108 seconds
Native extension for Android target not found
Android Extension - Scanning For ADB Devices 277 ms
Native extension for WindowsStandalone target not found
ScheduleIndexationOnStartup MainProcess:False IndexOnStartup:True
Mono: successfully reloaded assembly
- Finished resetting the current domain, in  0.724 seconds
Domain Reload Profiling: 1829ms
	BeginReloadAssembly (156ms)
		ExecutionOrderSort (0ms)
		DisableScriptedObjects (0ms)
		BackupInstance (0ms)
		ReleaseScriptingObjects (0ms)
		CreateAndSetChildDomain (1ms)
	RebuildCommonClasses (42ms)
	RebuildNativeTypeToScriptingClass (13ms)
	initialDomainReloadingComplete (737ms)
	LoadAllAssembliesAndSetupDomain (157ms)
		LoadAssemblies (151ms)
		RebuildTransferFunctionScriptingTraits (0ms)
		AnalyzeDomain (154ms)
			TypeCache.Refresh (152ms)
				TypeCache.ScanAssembly (140ms)
			BuildScriptInfoCaches (0ms)
			ResolveRequiredComponents (1ms)
	FinalizeReload (724ms)
		ReleaseScriptCaches (0ms)
		RebuildScriptCaches (0ms)
		SetupLoadedEditorAssemblies (683ms)
			LogAssemblyErrors (0ms)
			InitializePlatformSupportModulesInManaged (399ms)
			SetLoadedEditorAssemblies (4ms)
			BeforeProcessingInitializeOnLoad (78ms)
			ProcessInitializeOnLoadAttributes (136ms)
			ProcessInitializeOnLoadMethodAttributes (67ms)
			AfterProcessingInitializeOnLoad (0ms)
			EditorAssembliesLoaded (0ms)
		ExecutionOrderSort2 (0ms)
		AwakeInstancesAfterBackupRestoration (0ms)
========================================================================
Worker process is ready to serve import requests
Import Worker Mode flag is 0x00
Begin MonoManager ReloadAssembly
[Licensing::Client] Successfully resolved entitlement details
- Loaded All Assemblies, in  0.975 seconds
Refreshing native plugins compatible for Editor in 1.00 ms, found 3 plugins.
Native extension for Android target not found
Native extension for WindowsStandalone target not found
Package Manager log level set to [2]
[Package Manager] Failed to launch server process. Reason: Unity was launched with the -noUpm command-line argument
[Package Manager] Unable to send message (not connected to server process).
[Package Manager] Cannot connect to Unity Package Manager local server
ScheduleIndexationOnStartup MainProcess:False IndexOnStartup:True
Mono: successfully reloaded assembly
- Finished resetting the current domain, in  0.918 seconds
Domain Reload Profiling: 1889ms
	BeginReloadAssembly (255ms)
		ExecutionOrderSort (0ms)
		DisableScriptedObjects (6ms)
		BackupInstance (0ms)
		ReleaseScriptingObjects (0ms)
		CreateAndSetChildDomain (52ms)
	RebuildCommonClasses (30ms)
	RebuildNativeTypeToScriptingClass (10ms)
	initialDomainReloadingComplete (37ms)
	LoadAllAssembliesAndSetupDomain (638ms)
		LoadAssemblies (471ms)
		RebuildTransferFunctionScriptingTraits (0ms)
		AnalyzeDomain (315ms)
			TypeCache.Refresh (209ms)
				TypeCache.ScanAssembly (191ms)
			BuildScriptInfoCaches (87ms)
			ResolveRequiredComponents (13ms)
	FinalizeReload (919ms)
		ReleaseScriptCaches (0ms)
		RebuildScriptCaches (0ms)
		SetupLoadedEditorAssemblies (616ms)
			LogAssemblyErrors (0ms)
			InitializePlatformSupportModulesInManaged (10ms)
			SetLoadedEditorAssemblies (4ms)
			BeforeProcessingInitializeOnLoad (128ms)
			ProcessInitializeOnLoadAttributes (401ms)
			ProcessInitializeOnLoadMethodAttributes (66ms)
			AfterProcessingInitializeOnLoad (5ms)
			EditorAssembliesLoaded (0ms)
		ExecutionOrderSort2 (0ms)
		AwakeInstancesAfterBackupRestoration (6ms)
Launched and connected shader compiler UnityShaderCompiler.exe after 0.01 seconds
Refreshing native plugins compatible for Editor in 2.14 ms, found 3 plugins.
Preloading 0 native plugins for Editor in 0.00 ms.
Unloading 16 Unused Serialized files (Serialized files now loaded: 0)
Unloading 6226 unused Assets / (4.3 MB). Loaded Objects now: 7030.
Memory consumption went from 149.7 MB to 145.3 MB.
Total: 13.456500 ms (FindLiveObjects: 0.659000 ms CreateObjectMapping: 0.403100 ms MarkObjects: 8.445600 ms  DeleteObjects: 3.946700 ms)

========================================================================
Received Import Request.
  Time since last request: 570324.072347 seconds.
  path: Assets/AutonomousAgent/Prefabs/AI_Agent_01.prefab
  artifactKey: Guid(a4e70ddbb4d6b8842b1def17ff4685fa) Importer(815301076,1909f56bfc062723c751e8b465ee728b)
Start importing Assets/AutonomousAgent/Prefabs/AI_Agent_01.prefab using Guid(a4e70ddbb4d6b8842b1def17ff4685fa) Importer(815301076,1909f56bfc062723c751e8b465ee728b) (PreviewImporter) -> (artifact id: 'b0deffe38c242c182093ad32e5fe2eff') in 0.4918039 seconds
Number of updated asset objects reloaded before import = 0Number of asset objects unloaded after import = 169

========================================================================
Received Import Request.
  Time since last request: 22.307982 seconds.
  path: Assets/AutonomousAgent/Prefabs/AI_Agent_01.prefab
  artifactKey: Guid(a4e70ddbb4d6b8842b1def17ff4685fa) Importer(2089858483,b0f066a214c2f5e87bad3c948f4d605d)
Start importing Assets/AutonomousAgent/Prefabs/AI_Agent_01.prefab using Guid(a4e70ddbb4d6b8842b1def17ff4685fa) Importer(2089858483,b0f066a214c2f5e87bad3c948f4d605d) (ScriptedImporter) -> (artifact id: '1d0869eaed2f47a7072a07efcdaaf122') in 0.1187935 seconds
Number of updated asset objects reloaded before import = 0Number of asset objects unloaded after import = 50

========================================================================
Received Import Request.
  Time since last request: 6.345463 seconds.
  path: Assets/AutonomousAgent/Prefabs/AI_Agent_01.prefab
  artifactKey: Guid(a4e70ddbb4d6b8842b1def17ff4685fa) Importer(2089858483,b0f066a214c2f5e87bad3c948f4d605d)
Start importing Assets/AutonomousAgent/Prefabs/AI_Agent_01.prefab using Guid(a4e70ddbb4d6b8842b1def17ff4685fa) Importer(2089858483,b0f066a214c2f5e87bad3c948f4d605d) (ScriptedImporter) -> (artifact id: '9f5e1bb958943e1fc3946a7007aaf942') in 0.0396426 seconds
Number of updated asset objects reloaded before import = 0Number of asset objects unloaded after import = 50

========================================================================
Received Import Request.
  Time since last request: 7.530273 seconds.
  path: Assets/AutonomousAgent/Prefabs/AI_Agent_01.prefab
  artifactKey: Guid(a4e70ddbb4d6b8842b1def17ff4685fa) Importer(2089858483,b0f066a214c2f5e87bad3c948f4d605d)
Start importing Assets/AutonomousAgent/Prefabs/AI_Agent_01.prefab using Guid(a4e70ddbb4d6b8842b1def17ff4685fa) Importer(2089858483,b0f066a214c2f5e87bad3c948f4d605d) (ScriptedImporter) -> (artifact id: '1f7f15c750943bb91017bd754f1d8f49') in 0.0240976 seconds
Number of updated asset objects reloaded before import = 0Number of asset objects unloaded after import = 50

========================================================================
Received Import Request.
  Time since last request: 5.310740 seconds.
  path: Assets/AutonomousAgent/Prefabs/AI_Agent_01.prefab
  artifactKey: Guid(a4e70ddbb4d6b8842b1def17ff4685fa) Importer(2089858483,b0f066a214c2f5e87bad3c948f4d605d)
Start importing Assets/AutonomousAgent/Prefabs/AI_Agent_01.prefab using Guid(a4e70ddbb4d6b8842b1def17ff4685fa) Importer(2089858483,b0f066a214c2f5e87bad3c948f4d605d) (ScriptedImporter) -> (artifact id: '2a890bbc963bce77547a4c27374a4bbf') in 0.0238668 seconds
Number of updated asset objects reloaded before import = 0Number of asset objects unloaded after import = 50

========================================================================
Received Import Request.
  Time since last request: 36.887489 seconds.
  path: Assets/Quirky Series Ultimate/FREE/Materials/m_geeko.mat
  artifactKey: Guid(c2c49ab3f8008d5419c06dc638a0c406) Importer(815301076,1909f56bfc062723c751e8b465ee728b)
Start importing Assets/Quirky Series Ultimate/FREE/Materials/m_geeko.mat using Guid(c2c49ab3f8008d5419c06dc638a0c406) Importer(815301076,1909f56bfc062723c751e8b465ee728b) (PreviewImporter) -> (artifact id: 'f73ce55e36775bd0b90637f3fe51c583') in 0.0551209 seconds
Number of updated asset objects reloaded before import = 0Number of asset objects unloaded after import = 1

========================================================================
Received Import Request.
  Time since last request: 0.894369 seconds.
  path: Assets/Quirky Series Ultimate/FREE/Materials/m_geeko.mat
  artifactKey: Guid(c2c49ab3f8008d5419c06dc638a0c406) Importer(2089858483,b0f066a214c2f5e87bad3c948f4d605d)
Start importing Assets/Quirky Series Ultimate/FREE/Materials/m_geeko.mat using Guid(c2c49ab3f8008d5419c06dc638a0c406) Importer(2089858483,b0f066a214c2f5e87bad3c948f4d605d) (ScriptedImporter) -> (artifact id: 'adce1bab73e6eb62ea7adbec60d5e3e6') in 0.0254697 seconds
Number of updated asset objects reloaded before import = 0Number of asset objects unloaded after import = 1

========================================================================
Received Import Request.
  Time since last request: 25.207468 seconds.
  path: Assets/AutonomousAgent/Prefabs/AI_Agent_01.prefab
  artifactKey: Guid(a4e70ddbb4d6b8842b1def17ff4685fa) Importer(815301076,1909f56bfc062723c751e8b465ee728b)
Start importing Assets/AutonomousAgent/Prefabs/AI_Agent_01.prefab using Guid(a4e70ddbb4d6b8842b1def17ff4685fa) Importer(815301076,1909f56bfc062723c751e8b465ee728b) (PreviewImporter) -> (artifact id: 'c9c4a81efc469a6304980bc71a22c8c2') in 0.0585634 seconds
Number of updated asset objects reloaded before import = 0Number of asset objects unloaded after import = 170

========================================================================
Received Import Request.
  Time since last request: 24.504109 seconds.
  path: Assets/AutonomousAgent/Prefabs/AI_Agent_02.prefab
  artifactKey: Guid(5b4296cb20aab5344a02de54570b13c3) Importer(2089858483,b0f066a214c2f5e87bad3c948f4d605d)
Start importing Assets/AutonomousAgent/Prefabs/AI_Agent_02.prefab using Guid(5b4296cb20aab5344a02de54570b13c3) Importer(2089858483,b0f066a214c2f5e87bad3c948f4d605d) (ScriptedImporter) -> (artifact id: '0c997bc1beb645cb008c42d42a9178a2') in 0.027221 seconds
Number of updated asset objects reloaded before import = 0Number of asset objects unloaded after import = 50

========================================================================
Received Import Request.
  Time since last request: 4.030290 seconds.
  path: Assets/AutonomousAgent/Prefabs/AI_Agent_02.prefab
  artifactKey: Guid(5b4296cb20aab5344a02de54570b13c3) Importer(2089858483,b0f066a214c2f5e87bad3c948f4d605d)
Start importing Assets/AutonomousAgent/Prefabs/AI_Agent_02.prefab using Guid(5b4296cb20aab5344a02de54570b13c3) Importer(2089858483,b0f066a214c2f5e87bad3c948f4d605d) (ScriptedImporter) -> (artifact id: '743711fec52b5ab5f90cb2467dfb0741') in 0.0251339 seconds
Number of updated asset objects reloaded before import = 0Number of asset objects unloaded after import = 50

========================================================================
Received Import Request.
  Time since last request: 2.251627 seconds.
  path: Assets/AutonomousAgent/Prefabs/AI_Agent_02.prefab
  artifactKey: Guid(5b4296cb20aab5344a02de54570b13c3) Importer(2089858483,b0f066a214c2f5e87bad3c948f4d605d)
Start importing Assets/AutonomousAgent/Prefabs/AI_Agent_02.prefab using Guid(5b4296cb20aab5344a02de54570b13c3) Importer(2089858483,b0f066a214c2f5e87bad3c948f4d605d) (ScriptedImporter) -> (artifact id: '179f6b46b5984113e3404d6bf85c512f') in 0.0232128 seconds
Number of updated asset objects reloaded before import = 0Number of asset objects unloaded after import = 50

========================================================================
Received Import Request.
  Time since last request: 3.353957 seconds.
  path: Assets/AutonomousAgent/Prefabs/AI_Agent_02.prefab
  artifactKey: Guid(5b4296cb20aab5344a02de54570b13c3) Importer(2089858483,b0f066a214c2f5e87bad3c948f4d605d)
Start importing Assets/AutonomousAgent/Prefabs/AI_Agent_02.prefab using Guid(5b4296cb20aab5344a02de54570b13c3) Importer(2089858483,b0f066a214c2f5e87bad3c948f4d605d) (ScriptedImporter) -> (artifact id: '8cc5f26e4d96d260f3464a2c3370be35') in 0.0247541 seconds
Number of updated asset objects reloaded before import = 0Number of asset objects unloaded after import = 50

========================================================================
Received Prepare
Begin MonoManager ReloadAssembly
[Licensing::Client] Successfully resolved entitlement details
- Loaded All Assemblies, in  0.790 seconds
Refreshing native plugins compatible for Editor in 0.87 ms, found 3 plugins.
Native extension for Android target not found
Native extension for WindowsStandalone target not found
[Package Manager] Failed to launch server process. Reason: Unity was launched with the -noUpm command-line argument
[Package Manager] Unable to send message (not connected to server process).
[Package Manager] Cannot connect to Unity Package Manager local server
ScheduleIndexationOnStartup MainProcess:False IndexOnStartup:True
Mono: successfully reloaded assembly
- Finished resetting the current domain, in  0.797 seconds
Domain Reload Profiling: 1587ms
	BeginReloadAssembly (241ms)
		ExecutionOrderSort (0ms)
		DisableScriptedObjects (20ms)
		BackupInstance (0ms)
		ReleaseScriptingObjects (0ms)
		CreateAndSetChildDomain (59ms)
	RebuildCommonClasses (35ms)
	RebuildNativeTypeToScriptingClass (13ms)
	initialDomainReloadingComplete (27ms)
	LoadAllAssembliesAndSetupDomain (473ms)
		LoadAssemblies (415ms)
		RebuildTransferFunctionScriptingTraits (0ms)
		AnalyzeDomain (159ms)
			TypeCache.Refresh (6ms)
				TypeCache.ScanAssembly (0ms)
			BuildScriptInfoCaches (136ms)
			ResolveRequiredComponents (12ms)
	FinalizeReload (798ms)
		ReleaseScriptCaches (0ms)
		RebuildScriptCaches (0ms)
		SetupLoadedEditorAssemblies (565ms)
			LogAssemblyErrors (0ms)
			InitializePlatformSupportModulesInManaged (15ms)
			SetLoadedEditorAssemblies (5ms)
			BeforeProcessingInitializeOnLoad (152ms)
			ProcessInitializeOnLoadAttributes (330ms)
			ProcessInitializeOnLoadMethodAttributes (56ms)
			AfterProcessingInitializeOnLoad (7ms)
			EditorAssembliesLoaded (0ms)
		ExecutionOrderSort2 (0ms)
		AwakeInstancesAfterBackupRestoration (14ms)
Refreshing native plugins compatible for Editor in 1.22 ms, found 3 plugins.
Preloading 0 native plugins for Editor in 0.00 ms.
Unloading 16 Unused Serialized files (Serialized files now loaded: 0)
Unloading 6225 unused Assets / (3.3 MB). Loaded Objects now: 7113.
Memory consumption went from 171.6 MB to 168.3 MB.
Total: 8.162100 ms (FindLiveObjects: 0.528500 ms CreateObjectMapping: 0.293900 ms MarkObjects: 5.762300 ms  DeleteObjects: 1.575900 ms)

Prepare: number of updated asset objects reloaded= 0
========================================================================
Received Import Request.
  Time since last request: 44.570388 seconds.
  path: Assets/Quirky Series Ultimate/_Animations/Shapekey
  artifactKey: Guid(db8a03194223d764b8a9bd6c21aef063) Importer(815301076,1909f56bfc062723c751e8b465ee728b)
Start importing Assets/Quirky Series Ultimate/_Animations/Shapekey using Guid(db8a03194223d764b8a9bd6c21aef063) Importer(815301076,1909f56bfc062723c751e8b465ee728b) (PreviewImporter) -> (artifact id: 'f6a201eb621f3e64cac1a61ba580739d') in 0.008774 seconds
Number of updated asset objects reloaded before import = 0Number of asset objects unloaded after import = 0

========================================================================
Received Import Request.
  Time since last request: 1.959992 seconds.
  path: Assets/Quirky Series Ultimate/FREE/Animations/AC_Gecko.controller
  artifactKey: Guid(c46728df213de13409227372b1198e45) Importer(815301076,1909f56bfc062723c751e8b465ee728b)
Start importing Assets/Quirky Series Ultimate/FREE/Animations/AC_Gecko.controller using Guid(c46728df213de13409227372b1198e45) Importer(815301076,1909f56bfc062723c751e8b465ee728b) (PreviewImporter) -> (artifact id: 'bf9cfe8752c8647dc0cd29fdf145319e') in 0.0477644 seconds
Number of updated asset objects reloaded before import = 0Number of asset objects unloaded after import = 81

========================================================================
Received Import Request.
  Time since last request: 43.394629 seconds.
  path: Assets/Quirky Series Ultimate/FREE/Animations/AC_Taipan.controller
  artifactKey: Guid(2bd77caf41bb453429d4e10dd5f31e57) Importer(815301076,1909f56bfc062723c751e8b465ee728b)
Start importing Assets/Quirky Series Ultimate/FREE/Animations/AC_Taipan.controller using Guid(2bd77caf41bb453429d4e10dd5f31e57) Importer(815301076,1909f56bfc062723c751e8b465ee728b) (PreviewImporter) -> (artifact id: 'dc25f2891455dd10d6380f2acdba878d') in 0.0505196 seconds
Number of updated asset objects reloaded before import = 0Number of asset objects unloaded after import = 81

========================================================================
Received Prepare
Begin MonoManager ReloadAssembly
[Licensing::Client] Successfully resolved entitlement details
- Loaded All Assemblies, in  0.679 seconds
Refreshing native plugins compatible for Editor in 0.86 ms, found 3 plugins.
Native extension for Android target not found
Native extension for WindowsStandalone target not found
[Package Manager] Failed to launch server process. Reason: Unity was launched with the -noUpm command-line argument
[Package Manager] Unable to send message (not connected to server process).
[Package Manager] Cannot connect to Unity Package Manager local server
ScheduleIndexationOnStartup MainProcess:False IndexOnStartup:True
Mono: successfully reloaded assembly
- Finished resetting the current domain, in  0.652 seconds
Domain Reload Profiling: 1331ms
	BeginReloadAssembly (201ms)
		ExecutionOrderSort (0ms)
		DisableScriptedObjects (6ms)
		BackupInstance (0ms)
		ReleaseScriptingObjects (0ms)
		CreateAndSetChildDomain (45ms)
	RebuildCommonClasses (33ms)
	RebuildNativeTypeToScriptingClass (13ms)
	initialDomainReloadingComplete (29ms)
	LoadAllAssembliesAndSetupDomain (403ms)
		LoadAssemblies (332ms)
		RebuildTransferFunctionScriptingTraits (0ms)
		AnalyzeDomain (163ms)
			TypeCache.Refresh (6ms)
				TypeCache.ScanAssembly (0ms)
			BuildScriptInfoCaches (142ms)
			ResolveRequiredComponents (9ms)
	FinalizeReload (653ms)
		ReleaseScriptCaches (0ms)
		RebuildScriptCaches (0ms)
		SetupLoadedEditorAssemblies (480ms)
			LogAssemblyErrors (0ms)
			InitializePlatformSupportModulesInManaged (12ms)
			SetLoadedEditorAssemblies (4ms)
			BeforeProcessingInitializeOnLoad (122ms)
			ProcessInitializeOnLoadAttributes (279ms)
			ProcessInitializeOnLoadMethodAttributes (57ms)
			AfterProcessingInitializeOnLoad (6ms)
			EditorAssembliesLoaded (0ms)
		ExecutionOrderSort2 (0ms)
		AwakeInstancesAfterBackupRestoration (18ms)
Refreshing native plugins compatible for Editor in 1.29 ms, found 3 plugins.
Preloading 0 native plugins for Editor in 0.00 ms.
Unloading 16 Unused Serialized files (Serialized files now loaded: 0)
Unloading 6224 unused Assets / (3.8 MB). Loaded Objects now: 7116.
Memory consumption went from 171.3 MB to 167.5 MB.
Total: 7.992300 ms (FindLiveObjects: 0.695400 ms CreateObjectMapping: 0.348000 ms MarkObjects: 4.858000 ms  DeleteObjects: 2.089400 ms)

Prepare: number of updated asset objects reloaded= 0
========================================================================
Received Import Request.
  Time since last request: 11883.884924 seconds.
  path: Assets/AutonomousAgent/Scripts/Autonomous_Agent.cs
  artifactKey: Guid(0f4acb6d028d1ee46aa0e12dd729c5ef) Importer(815301076,1909f56bfc062723c751e8b465ee728b)
Start importing Assets/AutonomousAgent/Scripts/Autonomous_Agent.cs using Guid(0f4acb6d028d1ee46aa0e12dd729c5ef) Importer(815301076,1909f56bfc062723c751e8b465ee728b) (PreviewImporter) -> (artifact id: '277ce4f67e2d6c758ca9de350261523e') in 0.0725916 seconds
Number of updated asset objects reloaded before import = 0Number of asset objects unloaded after import = 0

========================================================================
Received Prepare
Refreshing native plugins compatible for Editor in 2.13 ms, found 3 plugins.
Preloading 0 native plugins for Editor in 0.00 ms.
Unloading 16 Unused Serialized files (Serialized files now loaded: 0)
Unloading 6218 unused Assets / (5.3 MB). Loaded Objects now: 7116.
Memory consumption went from 171.5 MB to 166.2 MB.
Total: 80.021700 ms (FindLiveObjects: 1.595700 ms CreateObjectMapping: 0.830200 ms MarkObjects: 72.310700 ms  DeleteObjects: 5.250400 ms)

Prepare: number of updated asset objects reloaded= 0
========================================================================
Received Prepare
Begin MonoManager ReloadAssembly
[Licensing::Client] Successfully resolved entitlement details
- Loaded All Assemblies, in  4.383 seconds
Refreshing native plugins compatible for Editor in 2.10 ms, found 3 plugins.
Native extension for Android target not found
Native extension for WindowsStandalone target not found
[Package Manager] Failed to launch server process. Reason: Unity was launched with the -noUpm command-line argument
[Package Manager] Unable to send message (not connected to server process).
[Package Manager] Cannot connect to Unity Package Manager local server
ScheduleIndexationOnStartup MainProcess:False IndexOnStartup:True
Mono: successfully reloaded assembly
- Finished resetting the current domain, in  1.103 seconds
Domain Reload Profiling: 5481ms
	BeginReloadAssembly (918ms)
		ExecutionOrderSort (0ms)
		DisableScriptedObjects (24ms)
		BackupInstance (0ms)
		ReleaseScriptingObjects (0ms)
		CreateAndSetChildDomain (151ms)
	RebuildCommonClasses (236ms)
	RebuildNativeTypeToScriptingClass (23ms)
	initialDomainReloadingComplete (56ms)
	LoadAllAssembliesAndSetupDomain (3144ms)
		LoadAssemblies (3345ms)
		RebuildTransferFunctionScriptingTraits (0ms)
		AnalyzeDomain (411ms)
			TypeCache.Refresh (19ms)
				TypeCache.ScanAssembly (1ms)
			BuildScriptInfoCaches (369ms)
			ResolveRequiredComponents (14ms)
	FinalizeReload (1104ms)
		ReleaseScriptCaches (0ms)
		RebuildScriptCaches (0ms)
		SetupLoadedEditorAssemblies (841ms)
			LogAssemblyErrors (0ms)
			InitializePlatformSupportModulesInManaged (15ms)
			SetLoadedEditorAssemblies (8ms)
			BeforeProcessingInitializeOnLoad (251ms)
			ProcessInitializeOnLoadAttributes (461ms)
			ProcessInitializeOnLoadMethodAttributes (95ms)
			AfterProcessingInitializeOnLoad (10ms)
			EditorAssembliesLoaded (0ms)
		ExecutionOrderSort2 (0ms)
		AwakeInstancesAfterBackupRestoration (18ms)
Refreshing native plugins compatible for Editor in 2.20 ms, found 3 plugins.
Preloading 0 native plugins for Editor in 0.00 ms.
Unloading 16 Unused Serialized files (Serialized files now loaded: 0)
Unloading 6224 unused Assets / (4.5 MB). Loaded Objects now: 7119.
Memory consumption went from 171.3 MB to 166.9 MB.
Total: 17.264800 ms (FindLiveObjects: 1.500500 ms CreateObjectMapping: 0.752300 ms MarkObjects: 10.427600 ms  DeleteObjects: 4.582300 ms)

Prepare: number of updated asset objects reloaded= 0
========================================================================
Received Prepare
Refreshing native plugins compatible for Editor in 1.67 ms, found 3 plugins.
Preloading 0 native plugins for Editor in 0.00 ms.
Unloading 16 Unused Serialized files (Serialized files now loaded: 0)
Unloading 6218 unused Assets / (3.8 MB). Loaded Objects now: 7119.
Memory consumption went from 171.5 MB to 167.8 MB.
Total: 12.325200 ms (FindLiveObjects: 0.709200 ms CreateObjectMapping: 0.505400 ms MarkObjects: 8.413900 ms  DeleteObjects: 2.694300 ms)

Prepare: number of updated asset objects reloaded= 0
========================================================================
Received Import Request.
  Time since last request: 350.337514 seconds.
  path: Assets/AutonomousAgent/Scripts/Autonomous_Agent.cs
  artifactKey: Guid(0f4acb6d028d1ee46aa0e12dd729c5ef) Importer(815301076,1909f56bfc062723c751e8b465ee728b)
Start importing Assets/AutonomousAgent/Scripts/Autonomous_Agent.cs using Guid(0f4acb6d028d1ee46aa0e12dd729c5ef) Importer(815301076,1909f56bfc062723c751e8b465ee728b) (PreviewImporter) -> (artifact id: '4dd614d30489152c088aa88a8f577252') in 0.0782123 seconds
Number of updated asset objects reloaded before import = 0Number of asset objects unloaded after import = 0

========================================================================
Received Prepare
Begin MonoManager ReloadAssembly
[Licensing::Client] Successfully resolved entitlement details
- Loaded All Assemblies, in  1.007 seconds
Refreshing native plugins compatible for Editor in 1.68 ms, found 3 plugins.
Native extension for Android target not found
Native extension for WindowsStandalone target not found
[Package Manager] Failed to launch server process. Reason: Unity was launched with the -noUpm command-line argument
[Package Manager] Unable to send message (not connected to server process).
[Package Manager] Cannot connect to Unity Package Manager local server
ScheduleIndexationOnStartup MainProcess:False IndexOnStartup:True
Mono: successfully reloaded assembly
- Finished resetting the current domain, in  1.100 seconds
Domain Reload Profiling: 2105ms
	BeginReloadAssembly (299ms)
		ExecutionOrderSort (0ms)
		DisableScriptedObjects (10ms)
		BackupInstance (0ms)
		ReleaseScriptingObjects (0ms)
		CreateAndSetChildDomain (68ms)
	RebuildCommonClasses (47ms)
	RebuildNativeTypeToScriptingClass (18ms)
	initialDomainReloadingComplete (41ms)
	LoadAllAssembliesAndSetupDomain (598ms)
		LoadAssemblies (519ms)
		RebuildTransferFunctionScriptingTraits (0ms)
		AnalyzeDomain (225ms)
			TypeCache.Refresh (13ms)
				TypeCache.ScanAssembly (0ms)
			BuildScriptInfoCaches (194ms)
			ResolveRequiredComponents (13ms)
	FinalizeReload (1101ms)
		ReleaseScriptCaches (0ms)
		RebuildScriptCaches (0ms)
		SetupLoadedEditorAssemblies (852ms)
			LogAssemblyErrors (0ms)
			InitializePlatformSupportModulesInManaged (16ms)
			SetLoadedEditorAssemblies (6ms)
			BeforeProcessingInitializeOnLoad (212ms)
			ProcessInitializeOnLoadAttributes (500ms)
			ProcessInitializeOnLoadMethodAttributes (104ms)
			AfterProcessingInitializeOnLoad (14ms)
			EditorAssembliesLoaded (0ms)
		ExecutionOrderSort2 (0ms)
		AwakeInstancesAfterBackupRestoration (25ms)
Refreshing native plugins compatible for Editor in 2.55 ms, found 3 plugins.
Preloading 0 native plugins for Editor in 0.00 ms.
Unloading 16 Unused Serialized files (Serialized files now loaded: 0)
Unloading 6224 unused Assets / (3.8 MB). Loaded Objects now: 7122.
Memory consumption went from 171.4 MB to 167.6 MB.
Total: 12.132300 ms (FindLiveObjects: 0.756100 ms CreateObjectMapping: 0.651500 ms MarkObjects: 7.326200 ms  DeleteObjects: 3.396100 ms)

Prepare: number of updated asset objects reloaded= 0
========================================================================
Received Prepare
Refreshing native plugins compatible for Editor in 1.53 ms, found 3 plugins.
Preloading 0 native plugins for Editor in 0.00 ms.
Unloading 16 Unused Serialized files (Serialized files now loaded: 0)
Unloading 6218 unused Assets / (4.5 MB). Loaded Objects now: 7122.
Memory consumption went from 171.6 MB to 167.1 MB.
Total: 15.357200 ms (FindLiveObjects: 0.618500 ms CreateObjectMapping: 0.365000 ms MarkObjects: 9.550200 ms  DeleteObjects: 4.821300 ms)

Prepare: number of updated asset objects reloaded= 0
========================================================================
Received Import Request.
  Time since last request: 95.792427 seconds.
  path: Assets/AutonomousAgent/Scripts/Autonomous_Agent.cs
  artifactKey: Guid(0f4acb6d028d1ee46aa0e12dd729c5ef) Importer(815301076,1909f56bfc062723c751e8b465ee728b)
Start importing Assets/AutonomousAgent/Scripts/Autonomous_Agent.cs using Guid(0f4acb6d028d1ee46aa0e12dd729c5ef) Importer(815301076,1909f56bfc062723c751e8b465ee728b) (PreviewImporter) -> (artifact id: '2f583cb579ab91f6987c48478f9f0c1d') in 0.0260773 seconds
Number of updated asset objects reloaded before import = 0Number of asset objects unloaded after import = 0

========================================================================
Received Prepare
Begin MonoManager ReloadAssembly
[Licensing::Client] Successfully resolved entitlement details
- Loaded All Assemblies, in  0.977 seconds
Refreshing native plugins compatible for Editor in 1.75 ms, found 3 plugins.
Native extension for Android target not found
Native extension for WindowsStandalone target not found
[Package Manager] Failed to launch server process. Reason: Unity was launched with the -noUpm command-line argument
[Package Manager] Unable to send message (not connected to server process).
[Package Manager] Cannot connect to Unity Package Manager local server
ScheduleIndexationOnStartup MainProcess:False IndexOnStartup:True
Mono: successfully reloaded assembly
- Finished resetting the current domain, in  1.075 seconds
Domain Reload Profiling: 2048ms
	BeginReloadAssembly (266ms)
		ExecutionOrderSort (0ms)
		DisableScriptedObjects (10ms)
		BackupInstance (0ms)
		ReleaseScriptingObjects (0ms)
		CreateAndSetChildDomain (63ms)
	RebuildCommonClasses (48ms)
	RebuildNativeTypeToScriptingClass (19ms)
	initialDomainReloadingComplete (43ms)
	LoadAllAssembliesAndSetupDomain (597ms)
		LoadAssemblies (477ms)
		RebuildTransferFunctionScriptingTraits (0ms)
		AnalyzeDomain (238ms)
			TypeCache.Refresh (11ms)
				TypeCache.ScanAssembly (0ms)
			BuildScriptInfoCaches (208ms)
			ResolveRequiredComponents (14ms)
	FinalizeReload (1075ms)
		ReleaseScriptCaches (0ms)
		RebuildScriptCaches (0ms)
		SetupLoadedEditorAssemblies (848ms)
			LogAssemblyErrors (0ms)
			InitializePlatformSupportModulesInManaged (14ms)
			SetLoadedEditorAssemblies (7ms)
			BeforeProcessingInitializeOnLoad (216ms)
			ProcessInitializeOnLoadAttributes (497ms)
			ProcessInitializeOnLoadMethodAttributes (102ms)
			AfterProcessingInitializeOnLoad (11ms)
			EditorAssembliesLoaded (0ms)
		ExecutionOrderSort2 (0ms)
		AwakeInstancesAfterBackupRestoration (23ms)
Refreshing native plugins compatible for Editor in 1.76 ms, found 3 plugins.
Preloading 0 native plugins for Editor in 0.00 ms.
Unloading 16 Unused Serialized files (Serialized files now loaded: 0)
Unloading 6224 unused Assets / (4.0 MB). Loaded Objects now: 7125.
Memory consumption went from 171.4 MB to 167.4 MB.
Total: 11.863800 ms (FindLiveObjects: 0.671800 ms CreateObjectMapping: 0.741500 ms MarkObjects: 7.369400 ms  DeleteObjects: 3.079600 ms)

Prepare: number of updated asset objects reloaded= 0
========================================================================
Received Prepare
Refreshing native plugins compatible for Editor in 1.76 ms, found 3 plugins.
Preloading 0 native plugins for Editor in 0.00 ms.
Unloading 16 Unused Serialized files (Serialized files now loaded: 0)
Unloading 6218 unused Assets / (3.5 MB). Loaded Objects now: 7125.
Memory consumption went from 171.6 MB to 168.1 MB.
Total: 18.249400 ms (FindLiveObjects: 0.710400 ms CreateObjectMapping: 0.610300 ms MarkObjects: 13.623100 ms  DeleteObjects: 3.303700 ms)

Prepare: number of updated asset objects reloaded= 0
========================================================================
Received Import Request.
  Time since last request: 59.085438 seconds.
  path: Assets/AutonomousAgent/Scripts/Autonomous_Agent.cs
  artifactKey: Guid(0f4acb6d028d1ee46aa0e12dd729c5ef) Importer(815301076,1909f56bfc062723c751e8b465ee728b)
Start importing Assets/AutonomousAgent/Scripts/Autonomous_Agent.cs using Guid(0f4acb6d028d1ee46aa0e12dd729c5ef) Importer(815301076,1909f56bfc062723c751e8b465ee728b) (PreviewImporter) -> (artifact id: '900bcc5a478a23b62859d0b17e4d15f8') in 0.024482 seconds
Number of updated asset objects reloaded before import = 0Number of asset objects unloaded after import = 0

========================================================================
Received Prepare
Begin MonoManager ReloadAssembly
- Loaded All Assemblies, in  0.958 seconds
Refreshing native plugins compatible for Editor in 1.69 ms, found 3 plugins.
Native extension for Android target not found
Native extension for WindowsStandalone target not found
[Package Manager] Failed to launch server process. Reason: Unity was launched with the -noUpm command-line argument
[Package Manager] Unable to send message (not connected to server process).
[Package Manager] Cannot connect to Unity Package Manager local server
ScheduleIndexationOnStartup MainProcess:False IndexOnStartup:True
Mono: successfully reloaded assembly
- Finished resetting the current domain, in  0.945 seconds
Domain Reload Profiling: 1901ms
	BeginReloadAssembly (269ms)
		ExecutionOrderSort (0ms)
		DisableScriptedObjects (8ms)
		BackupInstance (0ms)
		ReleaseScriptingObjects (0ms)
		CreateAndSetChildDomain (62ms)
	RebuildCommonClasses (46ms)
	RebuildNativeTypeToScriptingClass (16ms)
	initialDomainReloadingComplete (41ms)
	LoadAllAssembliesAndSetupDomain (583ms)
		LoadAssemblies (477ms)
		RebuildTransferFunctionScriptingTraits (0ms)
		AnalyzeDomain (235ms)
			TypeCache.Refresh (10ms)
				TypeCache.ScanAssembly (0ms)
			BuildScriptInfoCaches (203ms)
			ResolveRequiredComponents (13ms)
	FinalizeReload (946ms)
		ReleaseScriptCaches (0ms)
		RebuildScriptCaches (0ms)
		SetupLoadedEditorAssemblies (729ms)
			LogAssemblyErrors (0ms)
			InitializePlatformSupportModulesInManaged (15ms)
			SetLoadedEditorAssemblies (8ms)
			BeforeProcessingInitializeOnLoad (232ms)
			ProcessInitializeOnLoadAttributes (389ms)
			ProcessInitializeOnLoadMethodAttributes (78ms)
			AfterProcessingInitializeOnLoad (7ms)
			EditorAssembliesLoaded (0ms)
		ExecutionOrderSort2 (0ms)
		AwakeInstancesAfterBackupRestoration (18ms)
Refreshing native plugins compatible for Editor in 1.96 ms, found 3 plugins.
Preloading 0 native plugins for Editor in 0.00 ms.
Unloading 16 Unused Serialized files (Serialized files now loaded: 0)
Unloading 6224 unused Assets / (3.5 MB). Loaded Objects now: 7128.
Memory consumption went from 171.5 MB to 168.0 MB.
Total: 8.615100 ms (FindLiveObjects: 0.616300 ms CreateObjectMapping: 0.368600 ms MarkObjects: 5.908600 ms  DeleteObjects: 1.720200 ms)

Prepare: number of updated asset objects reloaded= 0
========================================================================
Received Import Request.
  Time since last request: 10.516097 seconds.
  path: Assets/AutonomousAgent/Prefabs/AI_Agent_01.prefab
  artifactKey: Guid(a4e70ddbb4d6b8842b1def17ff4685fa) Importer(815301076,1909f56bfc062723c751e8b465ee728b)
Start importing Assets/AutonomousAgent/Prefabs/AI_Agent_01.prefab using Guid(a4e70ddbb4d6b8842b1def17ff4685fa) Importer(815301076,1909f56bfc062723c751e8b465ee728b) (PreviewImporter) -> (artifact id: 'f1940fec78e2b7f9380019d23775cf93') in 0.9476714 seconds
Number of updated asset objects reloaded before import = 0Number of asset objects unloaded after import = 170

========================================================================
Received Import Request.
  Time since last request: 2.508371 seconds.
  path: Assets/Agent/Materials/Red.mat
  artifactKey: Guid(70c0ca60632f52a4298f786314b2c461) Importer(815301076,1909f56bfc062723c751e8b465ee728b)
Start importing Assets/Agent/Materials/Red.mat using Guid(70c0ca60632f52a4298f786314b2c461) Importer(815301076,1909f56bfc062723c751e8b465ee728b) (PreviewImporter) -> (artifact id: '3a70b7470574bb9925d3dd1640f00528') in 0.0356653 seconds
Number of updated asset objects reloaded before import = 0Number of asset objects unloaded after import = 1

========================================================================
Received Import Request.
  Time since last request: 35.436038 seconds.
  path: Assets/AutonomousAgent/Prefabs/AI_Agent_01.prefab
  artifactKey: Guid(a4e70ddbb4d6b8842b1def17ff4685fa) Importer(815301076,1909f56bfc062723c751e8b465ee728b)
Start importing Assets/AutonomousAgent/Prefabs/AI_Agent_01.prefab using Guid(a4e70ddbb4d6b8842b1def17ff4685fa) Importer(815301076,1909f56bfc062723c751e8b465ee728b) (PreviewImporter) -> (artifact id: 'db08f82d826fb1ca2ae0cb89dfd912c4') in 0.0854051 seconds
Number of updated asset objects reloaded before import = 0Number of asset objects unloaded after import = 170

========================================================================
Received Import Request.
  Time since last request: 36.585803 seconds.
  path: Assets/AutonomousAgent/Prefabs/AI_Agent_01.prefab
  artifactKey: Guid(a4e70ddbb4d6b8842b1def17ff4685fa) Importer(815301076,1909f56bfc062723c751e8b465ee728b)
Start importing Assets/AutonomousAgent/Prefabs/AI_Agent_01.prefab using Guid(a4e70ddbb4d6b8842b1def17ff4685fa) Importer(815301076,1909f56bfc062723c751e8b465ee728b) (PreviewImporter) -> (artifact id: 'd89115fff78d9ff50db33fc5a4c21cb2') in 0.0725638 seconds
Number of updated asset objects reloaded before import = 0Number of asset objects unloaded after import = 170

========================================================================
Received Prepare
Begin MonoManager ReloadAssembly
[Licensing::Client] Successfully resolved entitlement details
- Loaded All Assemblies, in  0.814 seconds
Refreshing native plugins compatible for Editor in 0.73 ms, found 3 plugins.
Native extension for Android target not found
Native extension for WindowsStandalone target not found
[Package Manager] Failed to launch server process. Reason: Unity was launched with the -noUpm command-line argument
[Package Manager] Unable to send message (not connected to server process).
[Package Manager] Cannot connect to Unity Package Manager local server
ScheduleIndexationOnStartup MainProcess:False IndexOnStartup:True
Mono: successfully reloaded assembly
- Finished resetting the current domain, in  0.706 seconds
Domain Reload Profiling: 1520ms
	BeginReloadAssembly (240ms)
		ExecutionOrderSort (0ms)
		DisableScriptedObjects (20ms)
		BackupInstance (0ms)
		ReleaseScriptingObjects (0ms)
		CreateAndSetChildDomain (56ms)
	RebuildCommonClasses (36ms)
	RebuildNativeTypeToScriptingClass (16ms)
	initialDomainReloadingComplete (39ms)
	LoadAllAssembliesAndSetupDomain (482ms)
		LoadAssemblies (396ms)
		RebuildTransferFunctionScriptingTraits (0ms)
		AnalyzeDomain (187ms)
			TypeCache.Refresh (6ms)
				TypeCache.ScanAssembly (0ms)
			BuildScriptInfoCaches (166ms)
			ResolveRequiredComponents (10ms)
	FinalizeReload (707ms)
		ReleaseScriptCaches (0ms)
		RebuildScriptCaches (0ms)
		SetupLoadedEditorAssemblies (528ms)
			LogAssemblyErrors (0ms)
			InitializePlatformSupportModulesInManaged (11ms)
			SetLoadedEditorAssemblies (5ms)
			BeforeProcessingInitializeOnLoad (139ms)
			ProcessInitializeOnLoadAttributes (301ms)
			ProcessInitializeOnLoadMethodAttributes (65ms)
			AfterProcessingInitializeOnLoad (7ms)
			EditorAssembliesLoaded (0ms)
		ExecutionOrderSort2 (0ms)
		AwakeInstancesAfterBackupRestoration (13ms)
Refreshing native plugins compatible for Editor in 1.43 ms, found 3 plugins.
Preloading 0 native plugins for Editor in 0.00 ms.
Unloading 16 Unused Serialized files (Serialized files now loaded: 0)
Unloading 6225 unused Assets / (3.0 MB). Loaded Objects now: 7151.
Memory consumption went from 171.7 MB to 168.7 MB.
Total: 7.868400 ms (FindLiveObjects: 0.646600 ms CreateObjectMapping: 0.486100 ms MarkObjects: 5.078100 ms  DeleteObjects: 1.656300 ms)

Prepare: number of updated asset objects reloaded= 0
========================================================================
Received Import Request.
  Time since last request: 43.181091 seconds.
  path: Assets/AutonomousAgent/Prefabs/AI_Agent_01.prefab
  artifactKey: Guid(a4e70ddbb4d6b8842b1def17ff4685fa) Importer(815301076,1909f56bfc062723c751e8b465ee728b)
Start importing Assets/AutonomousAgent/Prefabs/AI_Agent_01.prefab using Guid(a4e70ddbb4d6b8842b1def17ff4685fa) Importer(815301076,1909f56bfc062723c751e8b465ee728b) (PreviewImporter) -> (artifact id: '77ad1690918f297f7d100436c9b46dfd') in 0.688543 seconds
Number of updated asset objects reloaded before import = 0Number of asset objects unloaded after import = 170

========================================================================
Received Import Request.
  Time since last request: 31.601579 seconds.
  path: Assets/AutonomousAgent/Prefabs/AI_Agent_01.prefab
  artifactKey: Guid(a4e70ddbb4d6b8842b1def17ff4685fa) Importer(815301076,1909f56bfc062723c751e8b465ee728b)
Start importing Assets/AutonomousAgent/Prefabs/AI_Agent_01.prefab using Guid(a4e70ddbb4d6b8842b1def17ff4685fa) Importer(815301076,1909f56bfc062723c751e8b465ee728b) (PreviewImporter) -> (artifact id: '72a42b4018bd35e2452253886f745812') in 0.0562568 seconds
Number of updated asset objects reloaded before import = 0Number of asset objects unloaded after import = 170

========================================================================
Received Prepare
Begin MonoManager ReloadAssembly
[Licensing::Client] Successfully resolved entitlement details
- Loaded All Assemblies, in  0.973 seconds
Refreshing native plugins compatible for Editor in 1.38 ms, found 3 plugins.
Native extension for Android target not found
Native extension for WindowsStandalone target not found
[Package Manager] Failed to launch server process. Reason: Unity was launched with the -noUpm command-line argument
[Package Manager] Unable to send message (not connected to server process).
[Package Manager] Cannot connect to Unity Package Manager local server
ScheduleIndexationOnStartup MainProcess:False IndexOnStartup:True
Mono: successfully reloaded assembly
- Finished resetting the current domain, in  0.931 seconds
Domain Reload Profiling: 1902ms
	BeginReloadAssembly (292ms)
		ExecutionOrderSort (0ms)
		DisableScriptedObjects (30ms)
		BackupInstance (0ms)
		ReleaseScriptingObjects (0ms)
		CreateAndSetChildDomain (71ms)
	RebuildCommonClasses (35ms)
	RebuildNativeTypeToScriptingClass (13ms)
	initialDomainReloadingComplete (34ms)
	LoadAllAssembliesAndSetupDomain (597ms)
		LoadAssemblies (446ms)
		RebuildTransferFunctionScriptingTraits (0ms)
		AnalyzeDomain (265ms)
			TypeCache.Refresh (8ms)
				TypeCache.ScanAssembly (0ms)
			BuildScriptInfoCaches (240ms)
			ResolveRequiredComponents (11ms)
	FinalizeReload (932ms)
		ReleaseScriptCaches (0ms)
		RebuildScriptCaches (0ms)
		SetupLoadedEditorAssemblies (718ms)
			LogAssemblyErrors (0ms)
			InitializePlatformSupportModulesInManaged (13ms)
			SetLoadedEditorAssemblies (6ms)
			BeforeProcessingInitializeOnLoad (178ms)
			ProcessInitializeOnLoadAttributes (438ms)
			ProcessInitializeOnLoadMethodAttributes (75ms)
			AfterProcessingInitializeOnLoad (8ms)
			EditorAssembliesLoaded (0ms)
		ExecutionOrderSort2 (0ms)
		AwakeInstancesAfterBackupRestoration (17ms)
Refreshing native plugins compatible for Editor in 1.25 ms, found 3 plugins.
Preloading 0 native plugins for Editor in 0.00 ms.
Unloading 16 Unused Serialized files (Serialized files now loaded: 0)
Unloading 6225 unused Assets / (3.5 MB). Loaded Objects now: 7174.
Memory consumption went from 171.8 MB to 168.2 MB.
Total: 8.877200 ms (FindLiveObjects: 0.651900 ms CreateObjectMapping: 0.341400 ms MarkObjects: 5.807500 ms  DeleteObjects: 2.074200 ms)

Prepare: number of updated asset objects reloaded= 0
========================================================================
Received Import Request.
  Time since last request: 242.089673 seconds.
  path: Assets/AutonomousAgent/Prefabs/AI_Agent_01.prefab
  artifactKey: Guid(a4e70ddbb4d6b8842b1def17ff4685fa) Importer(815301076,1909f56bfc062723c751e8b465ee728b)
Start importing Assets/AutonomousAgent/Prefabs/AI_Agent_01.prefab using Guid(a4e70ddbb4d6b8842b1def17ff4685fa) Importer(815301076,1909f56bfc062723c751e8b465ee728b) (PreviewImporter) -> (artifact id: 'd3af8d8a20c7fcec70131af82bb2b06d') in 0.7096313 seconds
Number of updated asset objects reloaded before import = 0Number of asset objects unloaded after import = 170

========================================================================
Received Import Request.
  Time since last request: 77.114808 seconds.
  path: Assets/AutonomousAgent/Prefabs/AI_Agent_01.prefab
  artifactKey: Guid(a4e70ddbb4d6b8842b1def17ff4685fa) Importer(815301076,1909f56bfc062723c751e8b465ee728b)
Start importing Assets/AutonomousAgent/Prefabs/AI_Agent_01.prefab using Guid(a4e70ddbb4d6b8842b1def17ff4685fa) Importer(815301076,1909f56bfc062723c751e8b465ee728b) (PreviewImporter) -> (artifact id: 'ce88551dc0ba4c522489a30466b0fe05') in 0.0682078 seconds
Number of updated asset objects reloaded before import = 0Number of asset objects unloaded after import = 170

========================================================================
Received Import Request.
  Time since last request: 47.824291 seconds.
  path: Assets/AutonomousAgent/Prefabs/AI_Agent_01.prefab
  artifactKey: Guid(a4e70ddbb4d6b8842b1def17ff4685fa) Importer(815301076,1909f56bfc062723c751e8b465ee728b)
Start importing Assets/AutonomousAgent/Prefabs/AI_Agent_01.prefab using Guid(a4e70ddbb4d6b8842b1def17ff4685fa) Importer(815301076,1909f56bfc062723c751e8b465ee728b) (PreviewImporter) -> (artifact id: '8d02dc58af6906c81d03704baa05658c') in 0.0684266 seconds
Number of updated asset objects reloaded before import = 0Number of asset objects unloaded after import = 170

========================================================================
Received Prepare
Begin MonoManager ReloadAssembly
[Licensing::Client] Successfully resolved entitlement details
- Loaded All Assemblies, in  0.853 seconds
Refreshing native plugins compatible for Editor in 0.75 ms, found 3 plugins.
Native extension for Android target not found
Native extension for WindowsStandalone target not found
[Package Manager] Failed to launch server process. Reason: Unity was launched with the -noUpm command-line argument
[Package Manager] Unable to send message (not connected to server process).
[Package Manager] Cannot connect to Unity Package Manager local server
ScheduleIndexationOnStartup MainProcess:False IndexOnStartup:True
Mono: successfully reloaded assembly
- Finished resetting the current domain, in  0.763 seconds
Domain Reload Profiling: 1620ms
	BeginReloadAssembly (229ms)
		ExecutionOrderSort (0ms)
		DisableScriptedObjects (22ms)
		BackupInstance (0ms)
		ReleaseScriptingObjects (0ms)
		CreateAndSetChildDomain (55ms)
	RebuildCommonClasses (37ms)
	RebuildNativeTypeToScriptingClass (13ms)
	initialDomainReloadingComplete (47ms)
	LoadAllAssembliesAndSetupDomain (527ms)
		LoadAssemblies (406ms)
		RebuildTransferFunctionScriptingTraits (0ms)
		AnalyzeDomain (207ms)
			TypeCache.Refresh (11ms)
				TypeCache.ScanAssembly (0ms)
			BuildScriptInfoCaches (177ms)
			ResolveRequiredComponents (12ms)
	FinalizeReload (768ms)
		ReleaseScriptCaches (0ms)
		RebuildScriptCaches (0ms)
		SetupLoadedEditorAssemblies (572ms)
			LogAssemblyErrors (0ms)
			InitializePlatformSupportModulesInManaged (9ms)
			SetLoadedEditorAssemblies (6ms)
			BeforeProcessingInitializeOnLoad (158ms)
			ProcessInitializeOnLoadAttributes (322ms)
			ProcessInitializeOnLoadMethodAttributes (65ms)
			AfterProcessingInitializeOnLoad (10ms)
			EditorAssembliesLoaded (0ms)
		ExecutionOrderSort2 (0ms)
		AwakeInstancesAfterBackupRestoration (19ms)
Refreshing native plugins compatible for Editor in 0.93 ms, found 3 plugins.
Preloading 0 native plugins for Editor in 0.00 ms.
Unloading 16 Unused Serialized files (Serialized files now loaded: 0)
Unloading 6225 unused Assets / (3.4 MB). Loaded Objects now: 7197.
Memory consumption went from 171.8 MB to 168.4 MB.
Total: 7.585800 ms (FindLiveObjects: 0.559900 ms CreateObjectMapping: 0.312600 ms MarkObjects: 4.846700 ms  DeleteObjects: 1.865200 ms)

Prepare: number of updated asset objects reloaded= 0
========================================================================
Received Import Request.
  Time since last request: 206.459096 seconds.
  path: Assets/AutonomousAgent/Prefabs/AI_Agent_01.prefab
  artifactKey: Guid(a4e70ddbb4d6b8842b1def17ff4685fa) Importer(815301076,1909f56bfc062723c751e8b465ee728b)
Start importing Assets/AutonomousAgent/Prefabs/AI_Agent_01.prefab using Guid(a4e70ddbb4d6b8842b1def17ff4685fa) Importer(815301076,1909f56bfc062723c751e8b465ee728b) (PreviewImporter) -> (artifact id: 'b450fa9c54d6c75565db0ae05f9284c3') in 0.5541744 seconds
Number of updated asset objects reloaded before import = 0Number of asset objects unloaded after import = 170

========================================================================
Received Import Request.
  Time since last request: 24.732544 seconds.
  path: Assets/AutonomousAgent/Prefabs/AI_Agent_01.prefab
  artifactKey: Guid(a4e70ddbb4d6b8842b1def17ff4685fa) Importer(815301076,1909f56bfc062723c751e8b465ee728b)
Start importing Assets/AutonomousAgent/Prefabs/AI_Agent_01.prefab using Guid(a4e70ddbb4d6b8842b1def17ff4685fa) Importer(815301076,1909f56bfc062723c751e8b465ee728b) (PreviewImporter) -> (artifact id: '13ab831a8373044d58c2c111136f5e21') in 0.0608793 seconds
Number of updated asset objects reloaded before import = 0Number of asset objects unloaded after import = 170

========================================================================
Received Prepare
Refreshing native plugins compatible for Editor in 2.14 ms, found 3 plugins.
Preloading 0 native plugins for Editor in 0.00 ms.
Unloading 16 Unused Serialized files (Serialized files now loaded: 0)
Unloading 6219 unused Assets / (3.7 MB). Loaded Objects now: 7309.
Memory consumption went from 176.8 MB to 173.1 MB.
Total: 12.905300 ms (FindLiveObjects: 0.742400 ms CreateObjectMapping: 0.367000 ms MarkObjects: 8.639500 ms  DeleteObjects: 3.154000 ms)

Prepare: number of updated asset objects reloaded= 0
========================================================================
Received Import Request.
  Time since last request: 18.957917 seconds.
  path: Assets/AutonomousAgent/Prefabs/AI_Agent_01.prefab
  artifactKey: Guid(a4e70ddbb4d6b8842b1def17ff4685fa) Importer(815301076,1909f56bfc062723c751e8b465ee728b)
Start importing Assets/AutonomousAgent/Prefabs/AI_Agent_01.prefab using Guid(a4e70ddbb4d6b8842b1def17ff4685fa) Importer(815301076,1909f56bfc062723c751e8b465ee728b) (PreviewImporter) -> (artifact id: 'f731b89541f962ef6f1a79b00cc8ea2a') in 0.0961687 seconds
Number of updated asset objects reloaded before import = 0Number of asset objects unloaded after import = 170

========================================================================
Received Prepare
Begin MonoManager ReloadAssembly
[Licensing::Client] Successfully resolved entitlement details
- Loaded All Assemblies, in  0.835 seconds
Refreshing native plugins compatible for Editor in 1.34 ms, found 3 plugins.
Native extension for Android target not found
Native extension for WindowsStandalone target not found
[Package Manager] Failed to launch server process. Reason: Unity was launched with the -noUpm command-line argument
[Package Manager] Unable to send message (not connected to server process).
[Package Manager] Cannot connect to Unity Package Manager local server
ScheduleIndexationOnStartup MainProcess:False IndexOnStartup:True
Mono: successfully reloaded assembly
- Finished resetting the current domain, in  0.833 seconds
Domain Reload Profiling: 1667ms
	BeginReloadAssembly (256ms)
		ExecutionOrderSort (0ms)
		DisableScriptedObjects (26ms)
		BackupInstance (0ms)
		ReleaseScriptingObjects (0ms)
		CreateAndSetChildDomain (61ms)
	RebuildCommonClasses (40ms)
	RebuildNativeTypeToScriptingClass (14ms)
	initialDomainReloadingComplete (36ms)
	LoadAllAssembliesAndSetupDomain (488ms)
		LoadAssemblies (394ms)
		RebuildTransferFunctionScriptingTraits (0ms)
		AnalyzeDomain (200ms)
			TypeCache.Refresh (10ms)
				TypeCache.ScanAssembly (0ms)
			BuildScriptInfoCaches (172ms)
			ResolveRequiredComponents (11ms)
	FinalizeReload (833ms)
		ReleaseScriptCaches (0ms)
		RebuildScriptCaches (0ms)
		SetupLoadedEditorAssemblies (635ms)
			LogAssemblyErrors (0ms)
			InitializePlatformSupportModulesInManaged (12ms)
			SetLoadedEditorAssemblies (7ms)
			BeforeProcessingInitializeOnLoad (168ms)
			ProcessInitializeOnLoadAttributes (369ms)
			ProcessInitializeOnLoadMethodAttributes (72ms)
			AfterProcessingInitializeOnLoad (8ms)
			EditorAssembliesLoaded (0ms)
		ExecutionOrderSort2 (0ms)
		AwakeInstancesAfterBackupRestoration (18ms)
Refreshing native plugins compatible for Editor in 1.21 ms, found 3 plugins.
Preloading 0 native plugins for Editor in 0.00 ms.
Unloading 16 Unused Serialized files (Serialized files now loaded: 0)
Unloading 6225 unused Assets / (3.5 MB). Loaded Objects now: 7220.
Memory consumption went from 171.9 MB to 168.3 MB.
Total: 8.411900 ms (FindLiveObjects: 0.729100 ms CreateObjectMapping: 0.596800 ms MarkObjects: 5.341900 ms  DeleteObjects: 1.743100 ms)

Prepare: number of updated asset objects reloaded= 0
========================================================================
Received Prepare
Begin MonoManager ReloadAssembly
- Loaded All Assemblies, in  0.794 seconds
Refreshing native plugins compatible for Editor in 1.05 ms, found 3 plugins.
Native extension for Android target not found
Native extension for WindowsStandalone target not found
[Package Manager] Failed to launch server process. Reason: Unity was launched with the -noUpm command-line argument
[Package Manager] Unable to send message (not connected to server process).
[Package Manager] Cannot connect to Unity Package Manager local server
ScheduleIndexationOnStartup MainProcess:False IndexOnStartup:True
Mono: successfully reloaded assembly
- Finished resetting the current domain, in  0.805 seconds
Domain Reload Profiling: 1597ms
	BeginReloadAssembly (224ms)
		ExecutionOrderSort (0ms)
		DisableScriptedObjects (5ms)
		BackupInstance (0ms)
		ReleaseScriptingObjects (0ms)
		CreateAndSetChildDomain (49ms)
	RebuildCommonClasses (35ms)
	RebuildNativeTypeToScriptingClass (14ms)
	initialDomainReloadingComplete (35ms)
	LoadAllAssembliesAndSetupDomain (485ms)
		LoadAssemblies (394ms)
		RebuildTransferFunctionScriptingTraits (0ms)
		AnalyzeDomain (196ms)
			TypeCache.Refresh (7ms)
				TypeCache.ScanAssembly (0ms)
			BuildScriptInfoCaches (174ms)
			ResolveRequiredComponents (10ms)
	FinalizeReload (805ms)
		ReleaseScriptCaches (0ms)
		RebuildScriptCaches (0ms)
		SetupLoadedEditorAssemblies (619ms)
			LogAssemblyErrors (0ms)
			InitializePlatformSupportModulesInManaged (11ms)
			SetLoadedEditorAssemblies (6ms)
			BeforeProcessingInitializeOnLoad (163ms)
			ProcessInitializeOnLoadAttributes (360ms)
			ProcessInitializeOnLoadMethodAttributes (71ms)
			AfterProcessingInitializeOnLoad (7ms)
			EditorAssembliesLoaded (0ms)
		ExecutionOrderSort2 (0ms)
		AwakeInstancesAfterBackupRestoration (19ms)
Refreshing native plugins compatible for Editor in 1.36 ms, found 3 plugins.
Preloading 0 native plugins for Editor in 0.00 ms.
Unloading 16 Unused Serialized files (Serialized files now loaded: 0)
Unloading 6224 unused Assets / (3.9 MB). Loaded Objects now: 7223.
Memory consumption went from 171.8 MB to 167.9 MB.
Total: 10.608000 ms (FindLiveObjects: 1.245600 ms CreateObjectMapping: 0.386700 ms MarkObjects: 6.286200 ms  DeleteObjects: 2.687400 ms)

Prepare: number of updated asset objects reloaded= 0
========================================================================
Received Import Request.
  Time since last request: 36.691540 seconds.
  path: Assets/AutonomousAgent/Prefabs/AI_Agent_01.prefab
  artifactKey: Guid(a4e70ddbb4d6b8842b1def17ff4685fa) Importer(815301076,1909f56bfc062723c751e8b465ee728b)
Start importing Assets/AutonomousAgent/Prefabs/AI_Agent_01.prefab using Guid(a4e70ddbb4d6b8842b1def17ff4685fa) Importer(815301076,1909f56bfc062723c751e8b465ee728b) (PreviewImporter) -> (artifact id: 'b45cfeafed3b2d88ccf0fbeb8f60c8f7') in 0.5335772 seconds
Number of updated asset objects reloaded before import = 0Number of asset objects unloaded after import = 170

========================================================================
Received Import Request.
  Time since last request: 25.137761 seconds.
  path: Assets/AutonomousAgent/Prefabs/AI_Agent_01.prefab
  artifactKey: Guid(a4e70ddbb4d6b8842b1def17ff4685fa) Importer(815301076,1909f56bfc062723c751e8b465ee728b)
Start importing Assets/AutonomousAgent/Prefabs/AI_Agent_01.prefab using Guid(a4e70ddbb4d6b8842b1def17ff4685fa) Importer(815301076,1909f56bfc062723c751e8b465ee728b) (PreviewImporter) -> (artifact id: '3476073e5fd6d0bde0f7af6eabf3b3d3') in 0.0577084 seconds
Number of updated asset objects reloaded before import = 0Number of asset objects unloaded after import = 171

========================================================================
Received Import Request.
  Time since last request: 17.000217 seconds.
  path: Assets/AutonomousAgent/Prefabs/AI_Agent_01.prefab
  artifactKey: Guid(a4e70ddbb4d6b8842b1def17ff4685fa) Importer(815301076,1909f56bfc062723c751e8b465ee728b)
Start importing Assets/AutonomousAgent/Prefabs/AI_Agent_01.prefab using Guid(a4e70ddbb4d6b8842b1def17ff4685fa) Importer(815301076,1909f56bfc062723c751e8b465ee728b) (PreviewImporter) -> (artifact id: 'bff10cdd925554f45628dbf85881f724') in 0.0564372 seconds
Number of updated asset objects reloaded before import = 0Number of asset objects unloaded after import = 171

========================================================================
Received Import Request.
  Time since last request: 16.649184 seconds.
  path: Assets/AutonomousAgent/Prefabs/AI_Agent_01.prefab
  artifactKey: Guid(a4e70ddbb4d6b8842b1def17ff4685fa) Importer(815301076,1909f56bfc062723c751e8b465ee728b)
Start importing Assets/AutonomousAgent/Prefabs/AI_Agent_01.prefab using Guid(a4e70ddbb4d6b8842b1def17ff4685fa) Importer(815301076,1909f56bfc062723c751e8b465ee728b) (PreviewImporter) -> (artifact id: '08229bfc5c441ed0b06789aaf8e4c019') in 0.0571551 seconds
Number of updated asset objects reloaded before import = 0Number of asset objects unloaded after import = 171

========================================================================
Received Import Request.
  Time since last request: 13.876458 seconds.
  path: Assets/AutonomousAgent/Prefabs/AI_Agent_01.prefab
  artifactKey: Guid(a4e70ddbb4d6b8842b1def17ff4685fa) Importer(815301076,1909f56bfc062723c751e8b465ee728b)
Start importing Assets/AutonomousAgent/Prefabs/AI_Agent_01.prefab using Guid(a4e70ddbb4d6b8842b1def17ff4685fa) Importer(815301076,1909f56bfc062723c751e8b465ee728b) (PreviewImporter) -> (artifact id: 'c20bad74645f3c5e679a6081f060f9b2') in 0.0540065 seconds
Number of updated asset objects reloaded before import = 0Number of asset objects unloaded after import = 171

========================================================================
Received Prepare
Begin MonoManager ReloadAssembly
[Licensing::Client] Successfully resolved entitlement details
- Loaded All Assemblies, in  0.800 seconds
Refreshing native plugins compatible for Editor in 1.00 ms, found 3 plugins.
Native extension for Android target not found
Native extension for WindowsStandalone target not found
[Package Manager] Failed to launch server process. Reason: Unity was launched with the -noUpm command-line argument
[Package Manager] Unable to send message (not connected to server process).
[Package Manager] Cannot connect to Unity Package Manager local server
ScheduleIndexationOnStartup MainProcess:False IndexOnStartup:True
Mono: successfully reloaded assembly
- Finished resetting the current domain, in  0.786 seconds
Domain Reload Profiling: 1587ms
	BeginReloadAssembly (240ms)
		ExecutionOrderSort (0ms)
		DisableScriptedObjects (21ms)
		BackupInstance (0ms)
		ReleaseScriptingObjects (0ms)
		CreateAndSetChildDomain (56ms)
	RebuildCommonClasses (37ms)
	RebuildNativeTypeToScriptingClass (15ms)
	initialDomainReloadingComplete (32ms)
	LoadAllAssembliesAndSetupDomain (476ms)
		LoadAssemblies (383ms)
		RebuildTransferFunctionScriptingTraits (0ms)
		AnalyzeDomain (195ms)
			TypeCache.Refresh (7ms)
				TypeCache.ScanAssembly (0ms)
			BuildScriptInfoCaches (173ms)
			ResolveRequiredComponents (10ms)
	FinalizeReload (787ms)
		ReleaseScriptCaches (0ms)
		RebuildScriptCaches (0ms)
		SetupLoadedEditorAssemblies (603ms)
			LogAssemblyErrors (0ms)
			InitializePlatformSupportModulesInManaged (12ms)
			SetLoadedEditorAssemblies (7ms)
			BeforeProcessingInitializeOnLoad (152ms)
			ProcessInitializeOnLoadAttributes (348ms)
			ProcessInitializeOnLoadMethodAttributes (77ms)
			AfterProcessingInitializeOnLoad (7ms)
			EditorAssembliesLoaded (0ms)
		ExecutionOrderSort2 (0ms)
		AwakeInstancesAfterBackupRestoration (17ms)
Refreshing native plugins compatible for Editor in 1.03 ms, found 3 plugins.
Preloading 0 native plugins for Editor in 0.00 ms.
Unloading 16 Unused Serialized files (Serialized files now loaded: 0)
Unloading 6225 unused Assets / (3.6 MB). Loaded Objects now: 7246.
Memory consumption went from 172.0 MB to 168.4 MB.
Total: 8.375400 ms (FindLiveObjects: 0.619600 ms CreateObjectMapping: 0.369100 ms MarkObjects: 5.550500 ms  DeleteObjects: 1.834100 ms)

Prepare: number of updated asset objects reloaded= 0
========================================================================
Received Prepare
Refreshing native plugins compatible for Editor in 2.25 ms, found 3 plugins.
Preloading 0 native plugins for Editor in 0.00 ms.
Unloading 16 Unused Serialized files (Serialized files now loaded: 0)
Unloading 6218 unused Assets / (4.7 MB). Loaded Objects now: 7246.
Memory consumption went from 172.0 MB to 167.4 MB.
Total: 32.050500 ms (FindLiveObjects: 1.259400 ms CreateObjectMapping: 0.717600 ms MarkObjects: 14.502100 ms  DeleteObjects: 15.569100 ms)

Prepare: number of updated asset objects reloaded= 0
========================================================================
Received Import Request.
  Time since last request: 51.820083 seconds.
  path: Assets/AutonomousAgent/Prefabs/AI_Agent_01.prefab
  artifactKey: Guid(a4e70ddbb4d6b8842b1def17ff4685fa) Importer(815301076,1909f56bfc062723c751e8b465ee728b)
Start importing Assets/AutonomousAgent/Prefabs/AI_Agent_01.prefab using Guid(a4e70ddbb4d6b8842b1def17ff4685fa) Importer(815301076,1909f56bfc062723c751e8b465ee728b) (PreviewImporter) -> (artifact id: '7f2c13efcab2ff2646d72605f3dc8030') in 1.0672599 seconds
Number of updated asset objects reloaded before import = 0Number of asset objects unloaded after import = 171

========================================================================
Received Prepare
Begin MonoManager ReloadAssembly
- Loaded All Assemblies, in  1.169 seconds
Refreshing native plugins compatible for Editor in 1.19 ms, found 3 plugins.
Native extension for Android target not found
Native extension for WindowsStandalone target not found
[Package Manager] Failed to launch server process. Reason: Unity was launched with the -noUpm command-line argument
[Package Manager] Unable to send message (not connected to server process).
[Package Manager] Cannot connect to Unity Package Manager local server
ScheduleIndexationOnStartup MainProcess:False IndexOnStartup:True
Mono: successfully reloaded assembly
- Finished resetting the current domain, in  0.994 seconds
Domain Reload Profiling: 2158ms
	BeginReloadAssembly (333ms)
		ExecutionOrderSort (0ms)
		DisableScriptedObjects (32ms)
		BackupInstance (0ms)
		ReleaseScriptingObjects (0ms)
		CreateAndSetChildDomain (76ms)
	RebuildCommonClasses (75ms)
	RebuildNativeTypeToScriptingClass (25ms)
	initialDomainReloadingComplete (60ms)
	LoadAllAssembliesAndSetupDomain (670ms)
		LoadAssemblies (541ms)
		RebuildTransferFunctionScriptingTraits (0ms)
		AnalyzeDomain (279ms)
			TypeCache.Refresh (13ms)
				TypeCache.ScanAssembly (0ms)
			BuildScriptInfoCaches (245ms)
			ResolveRequiredComponents (14ms)
	FinalizeReload (995ms)
		ReleaseScriptCaches (0ms)
		RebuildScriptCaches (0ms)
		SetupLoadedEditorAssemblies (771ms)
			LogAssemblyErrors (0ms)
			InitializePlatformSupportModulesInManaged (16ms)
			SetLoadedEditorAssemblies (7ms)
			BeforeProcessingInitializeOnLoad (196ms)
			ProcessInitializeOnLoadAttributes (450ms)
			ProcessInitializeOnLoadMethodAttributes (91ms)
			AfterProcessingInitializeOnLoad (11ms)
			EditorAssembliesLoaded (0ms)
		ExecutionOrderSort2 (0ms)
		AwakeInstancesAfterBackupRestoration (21ms)
Refreshing native plugins compatible for Editor in 1.41 ms, found 3 plugins.
Preloading 0 native plugins for Editor in 0.00 ms.
Unloading 16 Unused Serialized files (Serialized files now loaded: 0)
Unloading 6225 unused Assets / (3.5 MB). Loaded Objects now: 7269.
Memory consumption went from 172.1 MB to 168.5 MB.
Total: 9.558200 ms (FindLiveObjects: 0.633800 ms CreateObjectMapping: 0.379900 ms MarkObjects: 6.414600 ms  DeleteObjects: 2.128300 ms)

Prepare: number of updated asset objects reloaded= 0
========================================================================
Received Prepare
Begin MonoManager ReloadAssembly
[Licensing::Client] Successfully resolved entitlement details
- Loaded All Assemblies, in  0.781 seconds
Refreshing native plugins compatible for Editor in 1.34 ms, found 3 plugins.
Native extension for Android target not found
Native extension for WindowsStandalone target not found
[Package Manager] Failed to launch server process. Reason: Unity was launched with the -noUpm command-line argument
[Package Manager] Unable to send message (not connected to server process).
[Package Manager] Cannot connect to Unity Package Manager local server
ScheduleIndexationOnStartup MainProcess:False IndexOnStartup:True
Mono: successfully reloaded assembly
- Finished resetting the current domain, in  0.838 seconds
Domain Reload Profiling: 1618ms
	BeginReloadAssembly (222ms)
		ExecutionOrderSort (0ms)
		DisableScriptedObjects (7ms)
		BackupInstance (0ms)
		ReleaseScriptingObjects (0ms)
		CreateAndSetChildDomain (52ms)
	RebuildCommonClasses (35ms)
	RebuildNativeTypeToScriptingClass (15ms)
	initialDomainReloadingComplete (34ms)
	LoadAllAssembliesAndSetupDomain (474ms)
		LoadAssemblies (372ms)
		RebuildTransferFunctionScriptingTraits (0ms)
		AnalyzeDomain (203ms)
			TypeCache.Refresh (6ms)
				TypeCache.ScanAssembly (0ms)
			BuildScriptInfoCaches (182ms)
			ResolveRequiredComponents (11ms)
	FinalizeReload (838ms)
		ReleaseScriptCaches (0ms)
		RebuildScriptCaches (0ms)
		SetupLoadedEditorAssemblies (625ms)
			LogAssemblyErrors (0ms)
			InitializePlatformSupportModulesInManaged (11ms)
			SetLoadedEditorAssemblies (6ms)
			BeforeProcessingInitializeOnLoad (168ms)
			ProcessInitializeOnLoadAttributes (355ms)
			ProcessInitializeOnLoadMethodAttributes (75ms)
			AfterProcessingInitializeOnLoad (9ms)
			EditorAssembliesLoaded (0ms)
		ExecutionOrderSort2 (0ms)
		AwakeInstancesAfterBackupRestoration (18ms)
Refreshing native plugins compatible for Editor in 1.29 ms, found 3 plugins.
Preloading 0 native plugins for Editor in 0.00 ms.
Unloading 16 Unused Serialized files (Serialized files now loaded: 0)
Unloading 6224 unused Assets / (3.7 MB). Loaded Objects now: 7272.
Memory consumption went from 172.0 MB to 168.2 MB.
Total: 9.148100 ms (FindLiveObjects: 1.443500 ms CreateObjectMapping: 0.513500 ms MarkObjects: 5.202500 ms  DeleteObjects: 1.987000 ms)

Prepare: number of updated asset objects reloaded= 0
========================================================================
Received Import Request.
  Time since last request: 71.343235 seconds.
  path: Assets/AutonomousAgent/Prefabs/AI_Agent_01.prefab
  artifactKey: Guid(a4e70ddbb4d6b8842b1def17ff4685fa) Importer(815301076,1909f56bfc062723c751e8b465ee728b)
Start importing Assets/AutonomousAgent/Prefabs/AI_Agent_01.prefab using Guid(a4e70ddbb4d6b8842b1def17ff4685fa) Importer(815301076,1909f56bfc062723c751e8b465ee728b) (PreviewImporter) -> (artifact id: 'd44812b4a1267058d50a65e2c47588ed') in 0.5369218 seconds
Number of updated asset objects reloaded before import = 0Number of asset objects unloaded after import = 171

========================================================================
Received Import Request.
  Time since last request: 27.867368 seconds.
  path: Assets/AutonomousAgent/Prefabs/AI_Agent_01.prefab
  artifactKey: Guid(a4e70ddbb4d6b8842b1def17ff4685fa) Importer(815301076,1909f56bfc062723c751e8b465ee728b)
Start importing Assets/AutonomousAgent/Prefabs/AI_Agent_01.prefab using Guid(a4e70ddbb4d6b8842b1def17ff4685fa) Importer(815301076,1909f56bfc062723c751e8b465ee728b) (PreviewImporter) -> (artifact id: '197a0c7d211414cca51dcac4e806e7ae') in 0.0754665 seconds
Number of updated asset objects reloaded before import = 0Number of asset objects unloaded after import = 171

========================================================================
Received Prepare
Begin MonoManager ReloadAssembly
[Licensing::Client] Successfully resolved entitlement details
- Loaded All Assemblies, in  0.770 seconds
Refreshing native plugins compatible for Editor in 1.34 ms, found 3 plugins.
Native extension for Android target not found
Native extension for WindowsStandalone target not found
[Package Manager] Failed to launch server process. Reason: Unity was launched with the -noUpm command-line argument
[Package Manager] Unable to send message (not connected to server process).
[Package Manager] Cannot connect to Unity Package Manager local server
ScheduleIndexationOnStartup MainProcess:False IndexOnStartup:True
Mono: successfully reloaded assembly
- Finished resetting the current domain, in  0.795 seconds
Domain Reload Profiling: 1565ms
	BeginReloadAssembly (230ms)
		ExecutionOrderSort (0ms)
		DisableScriptedObjects (19ms)
		BackupInstance (0ms)
		ReleaseScriptingObjects (0ms)
		CreateAndSetChildDomain (55ms)
	RebuildCommonClasses (35ms)
	RebuildNativeTypeToScriptingClass (13ms)
	initialDomainReloadingComplete (32ms)
	LoadAllAssembliesAndSetupDomain (459ms)
		LoadAssemblies (360ms)
		RebuildTransferFunctionScriptingTraits (0ms)
		AnalyzeDomain (196ms)
			TypeCache.Refresh (7ms)
				TypeCache.ScanAssembly (0ms)
			BuildScriptInfoCaches (174ms)
			ResolveRequiredComponents (10ms)
	FinalizeReload (796ms)
		ReleaseScriptCaches (0ms)
		RebuildScriptCaches (0ms)
		SetupLoadedEditorAssemblies (611ms)
			LogAssemblyErrors (0ms)
			InitializePlatformSupportModulesInManaged (11ms)
			SetLoadedEditorAssemblies (5ms)
			BeforeProcessingInitializeOnLoad (154ms)
			ProcessInitializeOnLoadAttributes (361ms)
			ProcessInitializeOnLoadMethodAttributes (71ms)
			AfterProcessingInitializeOnLoad (7ms)
			EditorAssembliesLoaded (0ms)
		ExecutionOrderSort2 (0ms)
		AwakeInstancesAfterBackupRestoration (19ms)
Refreshing native plugins compatible for Editor in 1.09 ms, found 3 plugins.
Preloading 0 native plugins for Editor in 0.00 ms.
Unloading 16 Unused Serialized files (Serialized files now loaded: 0)
Unloading 6225 unused Assets / (3.7 MB). Loaded Objects now: 7295.
Memory consumption went from 172.2 MB to 168.5 MB.
Total: 8.461400 ms (FindLiveObjects: 0.656200 ms CreateObjectMapping: 0.326800 ms MarkObjects: 5.452400 ms  DeleteObjects: 2.024400 ms)

Prepare: number of updated asset objects reloaded= 0
========================================================================
Received Import Request.
  Time since last request: 14.927151 seconds.
  path: Assets/AutonomousAgent/Prefabs/AI_Agent_01.prefab
  artifactKey: Guid(a4e70ddbb4d6b8842b1def17ff4685fa) Importer(815301076,1909f56bfc062723c751e8b465ee728b)
Start importing Assets/AutonomousAgent/Prefabs/AI_Agent_01.prefab using Guid(a4e70ddbb4d6b8842b1def17ff4685fa) Importer(815301076,1909f56bfc062723c751e8b465ee728b) (PreviewImporter) -> (artifact id: 'ae431c1d1f2861eda3faeebf833af284') in 0.5343638 seconds
Number of updated asset objects reloaded before import = 0Number of asset objects unloaded after import = 171

========================================================================
Received Import Request.
  Time since last request: 20.117155 seconds.
  path: Assets/AutonomousAgent/Prefabs/AI_Agent_01.prefab
  artifactKey: Guid(a4e70ddbb4d6b8842b1def17ff4685fa) Importer(815301076,1909f56bfc062723c751e8b465ee728b)
Start importing Assets/AutonomousAgent/Prefabs/AI_Agent_01.prefab using Guid(a4e70ddbb4d6b8842b1def17ff4685fa) Importer(815301076,1909f56bfc062723c751e8b465ee728b) (PreviewImporter) -> (artifact id: '72f06d45b01a757029ae505c6c1bf30e') in 0.0626047 seconds
Number of updated asset objects reloaded before import = 0Number of asset objects unloaded after import = 171

========================================================================
Received Import Request.
  Time since last request: 29.699704 seconds.
  path: Assets/AutonomousAgent/Prefabs/AI_Agent_01.prefab
  artifactKey: Guid(a4e70ddbb4d6b8842b1def17ff4685fa) Importer(815301076,1909f56bfc062723c751e8b465ee728b)
Start importing Assets/AutonomousAgent/Prefabs/AI_Agent_01.prefab using Guid(a4e70ddbb4d6b8842b1def17ff4685fa) Importer(815301076,1909f56bfc062723c751e8b465ee728b) (PreviewImporter) -> (artifact id: '0317727b4fb2c7b394b2eef85e95f60e') in 0.0788495 seconds
Number of updated asset objects reloaded before import = 0Number of asset objects unloaded after import = 171

========================================================================
Received Import Request.
  Time since last request: 66.350118 seconds.
  path: Assets/AutonomousAgent/Prefabs/AI_Agent_01.prefab
  artifactKey: Guid(a4e70ddbb4d6b8842b1def17ff4685fa) Importer(815301076,1909f56bfc062723c751e8b465ee728b)
Start importing Assets/AutonomousAgent/Prefabs/AI_Agent_01.prefab using Guid(a4e70ddbb4d6b8842b1def17ff4685fa) Importer(815301076,1909f56bfc062723c751e8b465ee728b) (PreviewImporter) -> (artifact id: '66093b6df683451c649877abb88a3fee') in 0.0869114 seconds
Number of updated asset objects reloaded before import = 0Number of asset objects unloaded after import = 171

========================================================================
Received Import Request.
  Time since last request: 5.430197 seconds.
  path: Assets/AutonomousAgent/Prefabs/AI_Agent_01.prefab
  artifactKey: Guid(a4e70ddbb4d6b8842b1def17ff4685fa) Importer(815301076,1909f56bfc062723c751e8b465ee728b)
Start importing Assets/AutonomousAgent/Prefabs/AI_Agent_01.prefab using Guid(a4e70ddbb4d6b8842b1def17ff4685fa) Importer(815301076,1909f56bfc062723c751e8b465ee728b) (PreviewImporter) -> (artifact id: '1b65686d04f744321845a7aa476b36c7') in 0.0579652 seconds
Number of updated asset objects reloaded before import = 0Number of asset objects unloaded after import = 171

========================================================================
Received Import Request.
  Time since last request: 9.733173 seconds.
  path: Assets/AutonomousAgent/Prefabs/AI_Agent_01.prefab
  artifactKey: Guid(a4e70ddbb4d6b8842b1def17ff4685fa) Importer(815301076,1909f56bfc062723c751e8b465ee728b)
Start importing Assets/AutonomousAgent/Prefabs/AI_Agent_01.prefab using Guid(a4e70ddbb4d6b8842b1def17ff4685fa) Importer(815301076,1909f56bfc062723c751e8b465ee728b) (PreviewImporter) -> (artifact id: '60e6725fc4349b163536c545866377d4') in 0.0681967 seconds
Number of updated asset objects reloaded before import = 0Number of asset objects unloaded after import = 171

========================================================================
Received Prepare
Begin MonoManager ReloadAssembly
[Licensing::Client] Successfully resolved entitlement details
- Loaded All Assemblies, in  0.932 seconds
Refreshing native plugins compatible for Editor in 1.36 ms, found 3 plugins.
Native extension for Android target not found
Native extension for WindowsStandalone target not found
[Package Manager] Failed to launch server process. Reason: Unity was launched with the -noUpm command-line argument
[Package Manager] Unable to send message (not connected to server process).
[Package Manager] Cannot connect to Unity Package Manager local server
ScheduleIndexationOnStartup MainProcess:False IndexOnStartup:True
Mono: successfully reloaded assembly
- Finished resetting the current domain, in  0.888 seconds
Domain Reload Profiling: 1820ms
	BeginReloadAssembly (270ms)
		ExecutionOrderSort (0ms)
		DisableScriptedObjects (24ms)
		BackupInstance (0ms)
		ReleaseScriptingObjects (0ms)
		CreateAndSetChildDomain (66ms)
	RebuildCommonClasses (43ms)
	RebuildNativeTypeToScriptingClass (13ms)
	initialDomainReloadingComplete (35ms)
	LoadAllAssembliesAndSetupDomain (570ms)
		LoadAssemblies (431ms)
		RebuildTransferFunctionScriptingTraits (0ms)
		AnalyzeDomain (252ms)
			TypeCache.Refresh (8ms)
				TypeCache.ScanAssembly (0ms)
			BuildScriptInfoCaches (223ms)
			ResolveRequiredComponents (15ms)
	FinalizeReload (889ms)
		ReleaseScriptCaches (0ms)
		RebuildScriptCaches (0ms)
		SetupLoadedEditorAssemblies (684ms)
			LogAssemblyErrors (0ms)
			InitializePlatformSupportModulesInManaged (12ms)
			SetLoadedEditorAssemblies (7ms)
			BeforeProcessingInitializeOnLoad (182ms)
			ProcessInitializeOnLoadAttributes (390ms)
			ProcessInitializeOnLoadMethodAttributes (84ms)
			AfterProcessingInitializeOnLoad (9ms)
			EditorAssembliesLoaded (0ms)
		ExecutionOrderSort2 (0ms)
		AwakeInstancesAfterBackupRestoration (20ms)
Refreshing native plugins compatible for Editor in 1.11 ms, found 3 plugins.
Preloading 0 native plugins for Editor in 0.00 ms.
Unloading 16 Unused Serialized files (Serialized files now loaded: 0)
Unloading 6225 unused Assets / (3.5 MB). Loaded Objects now: 7318.
Memory consumption went from 172.2 MB to 168.7 MB.
Total: 10.399700 ms (FindLiveObjects: 1.024000 ms CreateObjectMapping: 1.146200 ms MarkObjects: 5.868700 ms  DeleteObjects: 2.359200 ms)

Prepare: number of updated asset objects reloaded= 0
========================================================================
Received Import Request.
  Time since last request: 40.416368 seconds.
  path: Assets/AutonomousAgent/Prefabs/AI_Agent_01.prefab
  artifactKey: Guid(a4e70ddbb4d6b8842b1def17ff4685fa) Importer(815301076,1909f56bfc062723c751e8b465ee728b)
Start importing Assets/AutonomousAgent/Prefabs/AI_Agent_01.prefab using Guid(a4e70ddbb4d6b8842b1def17ff4685fa) Importer(815301076,1909f56bfc062723c751e8b465ee728b) (PreviewImporter) -> (artifact id: '5ffc8a7d45c90145b32b610dc82afb50') in 0.6660591 seconds
Number of updated asset objects reloaded before import = 0Number of asset objects unloaded after import = 171

========================================================================
Received Prepare
Begin MonoManager ReloadAssembly
[Licensing::Client] Successfully resolved entitlement details
- Loaded All Assemblies, in  0.889 seconds
Refreshing native plugins compatible for Editor in 1.16 ms, found 3 plugins.
Native extension for Android target not found
Native extension for WindowsStandalone target not found
[Package Manager] Failed to launch server process. Reason: Unity was launched with the -noUpm command-line argument
[Package Manager] Unable to send message (not connected to server process).
[Package Manager] Cannot connect to Unity Package Manager local server
ScheduleIndexationOnStartup MainProcess:False IndexOnStartup:True
Mono: successfully reloaded assembly
- Finished resetting the current domain, in  1.032 seconds
Domain Reload Profiling: 1920ms
	BeginReloadAssembly (271ms)
		ExecutionOrderSort (0ms)
		DisableScriptedObjects (28ms)
		BackupInstance (0ms)
		ReleaseScriptingObjects (0ms)
		CreateAndSetChildDomain (64ms)
	RebuildCommonClasses (39ms)
	RebuildNativeTypeToScriptingClass (15ms)
	initialDomainReloadingComplete (33ms)
	LoadAllAssembliesAndSetupDomain (528ms)
		LoadAssemblies (413ms)
		RebuildTransferFunctionScriptingTraits (0ms)
		AnalyzeDomain (227ms)
			TypeCache.Refresh (9ms)
				TypeCache.ScanAssembly (0ms)
			BuildScriptInfoCaches (201ms)
			ResolveRequiredComponents (11ms)
	FinalizeReload (1033ms)
		ReleaseScriptCaches (0ms)
		RebuildScriptCaches (0ms)
		SetupLoadedEditorAssemblies (787ms)
			LogAssemblyErrors (0ms)
			InitializePlatformSupportModulesInManaged (13ms)
			SetLoadedEditorAssemblies (6ms)
			BeforeProcessingInitializeOnLoad (212ms)
			ProcessInitializeOnLoadAttributes (449ms)
			ProcessInitializeOnLoadMethodAttributes (96ms)
			AfterProcessingInitializeOnLoad (11ms)
			EditorAssembliesLoaded (0ms)
		ExecutionOrderSort2 (0ms)
		AwakeInstancesAfterBackupRestoration (29ms)
Refreshing native plugins compatible for Editor in 1.37 ms, found 3 plugins.
Preloading 0 native plugins for Editor in 0.00 ms.
Unloading 16 Unused Serialized files (Serialized files now loaded: 0)
Unloading 6225 unused Assets / (3.6 MB). Loaded Objects now: 7341.
Memory consumption went from 172.3 MB to 168.7 MB.
Total: 8.641400 ms (FindLiveObjects: 0.646700 ms CreateObjectMapping: 0.383000 ms MarkObjects: 5.305200 ms  DeleteObjects: 2.304700 ms)

Prepare: number of updated asset objects reloaded= 0
========================================================================
Received Import Request.
  Time since last request: 62.590417 seconds.
  path: Assets/AutonomousAgent/Prefabs/AI_Agent_01.prefab
  artifactKey: Guid(a4e70ddbb4d6b8842b1def17ff4685fa) Importer(815301076,1909f56bfc062723c751e8b465ee728b)
Start importing Assets/AutonomousAgent/Prefabs/AI_Agent_01.prefab using Guid(a4e70ddbb4d6b8842b1def17ff4685fa) Importer(815301076,1909f56bfc062723c751e8b465ee728b) (PreviewImporter) -> (artifact id: 'cee26334940b5d7508fb5c7a362ba401') in 0.657328 seconds
Number of updated asset objects reloaded before import = 0Number of asset objects unloaded after import = 171

========================================================================
Received Import Request.
  Time since last request: 27.576415 seconds.
  path: Assets/AutonomousAgent/Prefabs/AI_Agent_01.prefab
  artifactKey: Guid(a4e70ddbb4d6b8842b1def17ff4685fa) Importer(815301076,1909f56bfc062723c751e8b465ee728b)
Start importing Assets/AutonomousAgent/Prefabs/AI_Agent_01.prefab using Guid(a4e70ddbb4d6b8842b1def17ff4685fa) Importer(815301076,1909f56bfc062723c751e8b465ee728b) (PreviewImporter) -> (artifact id: '80f569ddc98066b52f54698793d26b90') in 0.0774708 seconds
Number of updated asset objects reloaded before import = 0Number of asset objects unloaded after import = 171

========================================================================
Received Prepare
Refreshing native plugins compatible for Editor in 2.16 ms, found 3 plugins.
Preloading 0 native plugins for Editor in 0.00 ms.
Unloading 16 Unused Serialized files (Serialized files now loaded: 0)
Unloading 6219 unused Assets / (3.8 MB). Loaded Objects now: 7453.
Memory consumption went from 177.3 MB to 173.5 MB.
Total: 17.083500 ms (FindLiveObjects: 0.837700 ms CreateObjectMapping: 0.552500 ms MarkObjects: 12.809900 ms  DeleteObjects: 2.880500 ms)

Prepare: number of updated asset objects reloaded= 0
========================================================================
Received Import Request.
  Time since last request: 243.666329 seconds.
  path: Assets/AutonomousAgent/Prefabs/AI_Agent_01.prefab
  artifactKey: Guid(a4e70ddbb4d6b8842b1def17ff4685fa) Importer(815301076,1909f56bfc062723c751e8b465ee728b)
Start importing Assets/AutonomousAgent/Prefabs/AI_Agent_01.prefab using Guid(a4e70ddbb4d6b8842b1def17ff4685fa) Importer(815301076,1909f56bfc062723c751e8b465ee728b) (PreviewImporter) -> (artifact id: '57f2196a90ac2e135bdbf9ed86d93ab0') in 0.1294962 seconds
Number of updated asset objects reloaded before import = 0Number of asset objects unloaded after import = 171

========================================================================
Received Prepare
Refreshing native plugins compatible for Editor in 6.57 ms, found 3 plugins.
Preloading 0 native plugins for Editor in 0.00 ms.
Unloading 16 Unused Serialized files (Serialized files now loaded: 0)
Unloading 6219 unused Assets / (4.1 MB). Loaded Objects now: 7453.
Memory consumption went from 177.3 MB to 173.1 MB.
Total: 31.553000 ms (FindLiveObjects: 2.435300 ms CreateObjectMapping: 1.833600 ms MarkObjects: 21.035800 ms  DeleteObjects: 6.245400 ms)

Prepare: number of updated asset objects reloaded= 0
========================================================================
Received Import Request.
  Time since last request: 1.751133 seconds.
  path: Assets/AutonomousAgent/Prefabs/AI_Agent_01.prefab
  artifactKey: Guid(a4e70ddbb4d6b8842b1def17ff4685fa) Importer(815301076,1909f56bfc062723c751e8b465ee728b)
Start importing Assets/AutonomousAgent/Prefabs/AI_Agent_01.prefab using Guid(a4e70ddbb4d6b8842b1def17ff4685fa) Importer(815301076,1909f56bfc062723c751e8b465ee728b) (PreviewImporter) -> (artifact id: '889276f8ef169b0f8472f7267a8fa182') in 0.1305827 seconds
Number of updated asset objects reloaded before import = 0Number of asset objects unloaded after import = 171

========================================================================
Received Prepare
Begin MonoManager ReloadAssembly
[Licensing::Client] Successfully resolved entitlement details
- Loaded All Assemblies, in  1.387 seconds
Refreshing native plugins compatible for Editor in 2.26 ms, found 3 plugins.
Native extension for Android target not found
Native extension for WindowsStandalone target not found
[Package Manager] Failed to launch server process. Reason: Unity was launched with the -noUpm command-line argument
[Package Manager] Unable to send message (not connected to server process).
[Package Manager] Cannot connect to Unity Package Manager local server
ScheduleIndexationOnStartup MainProcess:False IndexOnStartup:True
Mono: successfully reloaded assembly
- Finished resetting the current domain, in  1.495 seconds
Domain Reload Profiling: 2880ms
	BeginReloadAssembly (395ms)
		ExecutionOrderSort (0ms)
		DisableScriptedObjects (39ms)
		BackupInstance (0ms)
		ReleaseScriptingObjects (0ms)
		CreateAndSetChildDomain (89ms)
	RebuildCommonClasses (59ms)
	RebuildNativeTypeToScriptingClass (24ms)
	initialDomainReloadingComplete (50ms)
	LoadAllAssembliesAndSetupDomain (857ms)
		LoadAssemblies (672ms)
		RebuildTransferFunctionScriptingTraits (0ms)
		AnalyzeDomain (361ms)
			TypeCache.Refresh (18ms)
				TypeCache.ScanAssembly (0ms)
			BuildScriptInfoCaches (312ms)
			ResolveRequiredComponents (22ms)
	FinalizeReload (1496ms)
		ReleaseScriptCaches (0ms)
		RebuildScriptCaches (0ms)
		SetupLoadedEditorAssemblies (1147ms)
			LogAssemblyErrors (0ms)
			InitializePlatformSupportModulesInManaged (19ms)
			SetLoadedEditorAssemblies (8ms)
			BeforeProcessingInitializeOnLoad (333ms)
			ProcessInitializeOnLoadAttributes (640ms)
			ProcessInitializeOnLoadMethodAttributes (129ms)
			AfterProcessingInitializeOnLoad (17ms)
			EditorAssembliesLoaded (1ms)
		ExecutionOrderSort2 (0ms)
		AwakeInstancesAfterBackupRestoration (33ms)
Refreshing native plugins compatible for Editor in 2.29 ms, found 3 plugins.
Preloading 0 native plugins for Editor in 0.00 ms.
Unloading 16 Unused Serialized files (Serialized files now loaded: 0)
Unloading 6225 unused Assets / (3.9 MB). Loaded Objects now: 7364.
Memory consumption went from 172.3 MB to 168.5 MB.
Total: 15.724000 ms (FindLiveObjects: 1.372300 ms CreateObjectMapping: 1.347100 ms MarkObjects: 9.433900 ms  DeleteObjects: 3.568700 ms)

Prepare: number of updated asset objects reloaded= 0
========================================================================
Received Prepare
Begin MonoManager ReloadAssembly
- Loaded All Assemblies, in  0.920 seconds
Refreshing native plugins compatible for Editor in 1.70 ms, found 3 plugins.
Native extension for Android target not found
Native extension for WindowsStandalone target not found
[Package Manager] Failed to launch server process. Reason: Unity was launched with the -noUpm command-line argument
[Package Manager] Unable to send message (not connected to server process).
[Package Manager] Cannot connect to Unity Package Manager local server
ScheduleIndexationOnStartup MainProcess:False IndexOnStartup:True
Mono: successfully reloaded assembly
- Finished resetting the current domain, in  0.904 seconds
Domain Reload Profiling: 1822ms
	BeginReloadAssembly (248ms)
		ExecutionOrderSort (0ms)
		DisableScriptedObjects (8ms)
		BackupInstance (0ms)
		ReleaseScriptingObjects (0ms)
		CreateAndSetChildDomain (50ms)
	RebuildCommonClasses (47ms)
	RebuildNativeTypeToScriptingClass (18ms)
	initialDomainReloadingComplete (45ms)
	LoadAllAssembliesAndSetupDomain (560ms)
		LoadAssemblies (437ms)
		RebuildTransferFunctionScriptingTraits (0ms)
		AnalyzeDomain (247ms)
			TypeCache.Refresh (8ms)
				TypeCache.ScanAssembly (0ms)
			BuildScriptInfoCaches (214ms)
			ResolveRequiredComponents (17ms)
	FinalizeReload (905ms)
		ReleaseScriptCaches (0ms)
		RebuildScriptCaches (0ms)
		SetupLoadedEditorAssemblies (686ms)
			LogAssemblyErrors (0ms)
			InitializePlatformSupportModulesInManaged (12ms)
			SetLoadedEditorAssemblies (5ms)
			BeforeProcessingInitializeOnLoad (176ms)
			ProcessInitializeOnLoadAttributes (404ms)
			ProcessInitializeOnLoadMethodAttributes (76ms)
			AfterProcessingInitializeOnLoad (12ms)
			EditorAssembliesLoaded (0ms)
		ExecutionOrderSort2 (0ms)
		AwakeInstancesAfterBackupRestoration (21ms)
Refreshing native plugins compatible for Editor in 1.30 ms, found 3 plugins.
Preloading 0 native plugins for Editor in 0.00 ms.
Unloading 16 Unused Serialized files (Serialized files now loaded: 0)
Unloading 6224 unused Assets / (3.9 MB). Loaded Objects now: 7367.
Memory consumption went from 172.2 MB to 168.3 MB.
Total: 11.387100 ms (FindLiveObjects: 1.412500 ms CreateObjectMapping: 0.744200 ms MarkObjects: 6.664400 ms  DeleteObjects: 2.563900 ms)

Prepare: number of updated asset objects reloaded= 0
========================================================================
Received Import Request.
  Time since last request: 64.117486 seconds.
  path: Assets/AutonomousAgent/Prefabs/AI_Agent_01.prefab
  artifactKey: Guid(a4e70ddbb4d6b8842b1def17ff4685fa) Importer(815301076,1909f56bfc062723c751e8b465ee728b)
Start importing Assets/AutonomousAgent/Prefabs/AI_Agent_01.prefab using Guid(a4e70ddbb4d6b8842b1def17ff4685fa) Importer(815301076,1909f56bfc062723c751e8b465ee728b) (PreviewImporter) -> (artifact id: 'f31780254d9a7ae34f498d827f1ba06b') in 0.7011648 seconds
Number of updated asset objects reloaded before import = 0Number of asset objects unloaded after import = 171

========================================================================
Received Import Request.
  Time since last request: 42.147735 seconds.
  path: Assets/AutonomousAgent/Prefabs/AI_Agent_01.prefab
  artifactKey: Guid(a4e70ddbb4d6b8842b1def17ff4685fa) Importer(815301076,1909f56bfc062723c751e8b465ee728b)
Start importing Assets/AutonomousAgent/Prefabs/AI_Agent_01.prefab using Guid(a4e70ddbb4d6b8842b1def17ff4685fa) Importer(815301076,1909f56bfc062723c751e8b465ee728b) (PreviewImporter) -> (artifact id: 'e8d031cab5faee3ddff225850083b953') in 0.0799356 seconds
Number of updated asset objects reloaded before import = 0Number of asset objects unloaded after import = 171

========================================================================
Received Prepare
Begin MonoManager ReloadAssembly
[Licensing::Client] Successfully resolved entitlement details
- Loaded All Assemblies, in  1.021 seconds
Refreshing native plugins compatible for Editor in 1.02 ms, found 3 plugins.
Native extension for Android target not found
Native extension for WindowsStandalone target not found
[Package Manager] Failed to launch server process. Reason: Unity was launched with the -noUpm command-line argument
[Package Manager] Unable to send message (not connected to server process).
[Package Manager] Cannot connect to Unity Package Manager local server
ScheduleIndexationOnStartup MainProcess:False IndexOnStartup:True
Mono: successfully reloaded assembly
- Finished resetting the current domain, in  1.317 seconds
Domain Reload Profiling: 2337ms
	BeginReloadAssembly (284ms)
		ExecutionOrderSort (0ms)
		DisableScriptedObjects (24ms)
		BackupInstance (0ms)
		ReleaseScriptingObjects (1ms)
		CreateAndSetChildDomain (62ms)
	RebuildCommonClasses (42ms)
	RebuildNativeTypeToScriptingClass (17ms)
	initialDomainReloadingComplete (41ms)
	LoadAllAssembliesAndSetupDomain (635ms)
		LoadAssemblies (446ms)
		RebuildTransferFunctionScriptingTraits (0ms)
		AnalyzeDomain (313ms)
			TypeCache.Refresh (14ms)
				TypeCache.ScanAssembly (0ms)
			BuildScriptInfoCaches (271ms)
			ResolveRequiredComponents (18ms)
	FinalizeReload (1318ms)
		ReleaseScriptCaches (0ms)
		RebuildScriptCaches (0ms)
		SetupLoadedEditorAssemblies (1009ms)
			LogAssemblyErrors (0ms)
			InitializePlatformSupportModulesInManaged (21ms)
			SetLoadedEditorAssemblies (8ms)
			BeforeProcessingInitializeOnLoad (287ms)
			ProcessInitializeOnLoadAttributes (554ms)
			ProcessInitializeOnLoadMethodAttributes (125ms)
			AfterProcessingInitializeOnLoad (13ms)
			EditorAssembliesLoaded (1ms)
		ExecutionOrderSort2 (0ms)
		AwakeInstancesAfterBackupRestoration (35ms)
Refreshing native plugins compatible for Editor in 2.47 ms, found 3 plugins.
Preloading 0 native plugins for Editor in 0.00 ms.
Unloading 16 Unused Serialized files (Serialized files now loaded: 0)
Unloading 6225 unused Assets / (4.3 MB). Loaded Objects now: 7390.
Memory consumption went from 172.4 MB to 168.1 MB.
Total: 16.862100 ms (FindLiveObjects: 1.032300 ms CreateObjectMapping: 1.285500 ms MarkObjects: 10.358800 ms  DeleteObjects: 4.182800 ms)

Prepare: number of updated asset objects reloaded= 0
========================================================================
Received Prepare
Refreshing native plugins compatible for Editor in 2.61 ms, found 3 plugins.
Preloading 0 native plugins for Editor in 0.00 ms.
Unloading 16 Unused Serialized files (Serialized files now loaded: 0)
Unloading 6218 unused Assets / (4.2 MB). Loaded Objects now: 7390.
Memory consumption went from 172.5 MB to 168.3 MB.
Total: 15.358200 ms (FindLiveObjects: 1.011300 ms CreateObjectMapping: 0.565000 ms MarkObjects: 9.657200 ms  DeleteObjects: 4.122100 ms)

Prepare: number of updated asset objects reloaded= 0
========================================================================
Received Import Request.
  Time since last request: 24.940301 seconds.
  path: Assets/AutonomousAgent/Prefabs/AI_Agent_01.prefab
  artifactKey: Guid(a4e70ddbb4d6b8842b1def17ff4685fa) Importer(815301076,1909f56bfc062723c751e8b465ee728b)
Start importing Assets/AutonomousAgent/Prefabs/AI_Agent_01.prefab using Guid(a4e70ddbb4d6b8842b1def17ff4685fa) Importer(815301076,1909f56bfc062723c751e8b465ee728b) (PreviewImporter) -> (artifact id: '0ab2abe8ef4c987d5605c785703bfc1f') in 1.6661699 seconds
Number of updated asset objects reloaded before import = 0Number of asset objects unloaded after import = 171

========================================================================
Received Prepare
Begin MonoManager ReloadAssembly
- Loaded All Assemblies, in  1.339 seconds
Refreshing native plugins compatible for Editor in 2.30 ms, found 3 plugins.
Native extension for Android target not found
Native extension for WindowsStandalone target not found
[Package Manager] Failed to launch server process. Reason: Unity was launched with the -noUpm command-line argument
[Package Manager] Unable to send message (not connected to server process).
[Package Manager] Cannot connect to Unity Package Manager local server
ScheduleIndexationOnStartup MainProcess:False IndexOnStartup:True
Mono: successfully reloaded assembly
- Finished resetting the current domain, in  1.136 seconds
Domain Reload Profiling: 2475ms
	BeginReloadAssembly (363ms)
		ExecutionOrderSort (0ms)
		DisableScriptedObjects (38ms)
		BackupInstance (0ms)
		ReleaseScriptingObjects (0ms)
		CreateAndSetChildDomain (74ms)
	RebuildCommonClasses (50ms)
	RebuildNativeTypeToScriptingClass (20ms)
	initialDomainReloadingComplete (58ms)
	LoadAllAssembliesAndSetupDomain (847ms)
		LoadAssemblies (665ms)
		RebuildTransferFunctionScriptingTraits (0ms)
		AnalyzeDomain (345ms)
			TypeCache.Refresh (18ms)
				TypeCache.ScanAssembly (1ms)
			BuildScriptInfoCaches (293ms)
			ResolveRequiredComponents (23ms)
	FinalizeReload (1137ms)
		ReleaseScriptCaches (0ms)
		RebuildScriptCaches (0ms)
		SetupLoadedEditorAssemblies (834ms)
			LogAssemblyErrors (0ms)
			InitializePlatformSupportModulesInManaged (23ms)
			SetLoadedEditorAssemblies (9ms)
			BeforeProcessingInitializeOnLoad (216ms)
			ProcessInitializeOnLoadAttributes (479ms)
			ProcessInitializeOnLoadMethodAttributes (95ms)
			AfterProcessingInitializeOnLoad (12ms)
			EditorAssembliesLoaded (1ms)
		ExecutionOrderSort2 (0ms)
		AwakeInstancesAfterBackupRestoration (25ms)
Refreshing native plugins compatible for Editor in 1.45 ms, found 3 plugins.
Preloading 0 native plugins for Editor in 0.00 ms.
Unloading 16 Unused Serialized files (Serialized files now loaded: 0)
Unloading 6225 unused Assets / (3.3 MB). Loaded Objects now: 7413.
Memory consumption went from 172.5 MB to 169.2 MB.
Total: 9.699300 ms (FindLiveObjects: 0.807100 ms CreateObjectMapping: 0.464100 ms MarkObjects: 6.515600 ms  DeleteObjects: 1.910400 ms)

Prepare: number of updated asset objects reloaded= 0
========================================================================
Received Prepare
Begin MonoManager ReloadAssembly
- Loaded All Assemblies, in  0.880 seconds
Refreshing native plugins compatible for Editor in 0.99 ms, found 3 plugins.
Native extension for Android target not found
Native extension for WindowsStandalone target not found
[Package Manager] Failed to launch server process. Reason: Unity was launched with the -noUpm command-line argument
[Package Manager] Unable to send message (not connected to server process).
[Package Manager] Cannot connect to Unity Package Manager local server
ScheduleIndexationOnStartup MainProcess:False IndexOnStartup:True
Mono: successfully reloaded assembly
- Finished resetting the current domain, in  0.927 seconds
Domain Reload Profiling: 1804ms
	BeginReloadAssembly (241ms)
		ExecutionOrderSort (0ms)
		DisableScriptedObjects (6ms)
		BackupInstance (0ms)
		ReleaseScriptingObjects (0ms)
		CreateAndSetChildDomain (56ms)
	RebuildCommonClasses (40ms)
	RebuildNativeTypeToScriptingClass (14ms)
	initialDomainReloadingComplete (36ms)
	LoadAllAssembliesAndSetupDomain (545ms)
		LoadAssemblies (431ms)
		RebuildTransferFunctionScriptingTraits (0ms)
		AnalyzeDomain (228ms)
			TypeCache.Refresh (8ms)
				TypeCache.ScanAssembly (0ms)
			BuildScriptInfoCaches (203ms)
			ResolveRequiredComponents (11ms)
	FinalizeReload (927ms)
		ReleaseScriptCaches (0ms)
		RebuildScriptCaches (0ms)
		SetupLoadedEditorAssemblies (701ms)
			LogAssemblyErrors (0ms)
			InitializePlatformSupportModulesInManaged (13ms)
			SetLoadedEditorAssemblies (5ms)
			BeforeProcessingInitializeOnLoad (177ms)
			ProcessInitializeOnLoadAttributes (402ms)
			ProcessInitializeOnLoadMethodAttributes (94ms)
			AfterProcessingInitializeOnLoad (9ms)
			EditorAssembliesLoaded (1ms)
		ExecutionOrderSort2 (0ms)
		AwakeInstancesAfterBackupRestoration (27ms)
Refreshing native plugins compatible for Editor in 1.23 ms, found 3 plugins.
Preloading 0 native plugins for Editor in 0.00 ms.
Unloading 16 Unused Serialized files (Serialized files now loaded: 0)
Unloading 6224 unused Assets / (3.7 MB). Loaded Objects now: 7416.
Memory consumption went from 172.4 MB to 168.7 MB.
Total: 9.107200 ms (FindLiveObjects: 0.755100 ms CreateObjectMapping: 0.463700 ms MarkObjects: 5.786300 ms  DeleteObjects: 2.100200 ms)

Prepare: number of updated asset objects reloaded= 0
========================================================================
Received Import Request.
  Time since last request: 23.894327 seconds.
  path: Assets/AutonomousAgent/Prefabs/AI_Agent_01.prefab
  artifactKey: Guid(a4e70ddbb4d6b8842b1def17ff4685fa) Importer(815301076,1909f56bfc062723c751e8b465ee728b)
Start importing Assets/AutonomousAgent/Prefabs/AI_Agent_01.prefab using Guid(a4e70ddbb4d6b8842b1def17ff4685fa) Importer(815301076,1909f56bfc062723c751e8b465ee728b) (PreviewImporter) -> (artifact id: '471ad993fe6c7d1f828ee8bed51b105b') in 0.6676657 seconds
Number of updated asset objects reloaded before import = 0Number of asset objects unloaded after import = 171

========================================================================
Received Import Request.
  Time since last request: 52.996668 seconds.
  path: Assets/AutonomousAgent/Prefabs/AI_Agent_01.prefab
  artifactKey: Guid(a4e70ddbb4d6b8842b1def17ff4685fa) Importer(815301076,1909f56bfc062723c751e8b465ee728b)
Start importing Assets/AutonomousAgent/Prefabs/AI_Agent_01.prefab using Guid(a4e70ddbb4d6b8842b1def17ff4685fa) Importer(815301076,1909f56bfc062723c751e8b465ee728b) (PreviewImporter) -> (artifact id: '5f4496b881dd8baad13114aa3e21dad0') in 0.0848785 seconds
Number of updated asset objects reloaded before import = 0Number of asset objects unloaded after import = 171

========================================================================
Received Prepare
Begin MonoManager ReloadAssembly
[Licensing::Client] Successfully resolved entitlement details
- Loaded All Assemblies, in  0.900 seconds
Refreshing native plugins compatible for Editor in 1.65 ms, found 3 plugins.
Native extension for Android target not found
Native extension for WindowsStandalone target not found
[Package Manager] Failed to launch server process. Reason: Unity was launched with the -noUpm command-line argument
[Package Manager] Unable to send message (not connected to server process).
[Package Manager] Cannot connect to Unity Package Manager local server
ScheduleIndexationOnStartup MainProcess:False IndexOnStartup:True
Mono: successfully reloaded assembly
- Finished resetting the current domain, in  0.972 seconds
Domain Reload Profiling: 1872ms
	BeginReloadAssembly (258ms)
		ExecutionOrderSort (0ms)
		DisableScriptedObjects (27ms)
		BackupInstance (0ms)
		ReleaseScriptingObjects (0ms)
		CreateAndSetChildDomain (59ms)
	RebuildCommonClasses (42ms)
	RebuildNativeTypeToScriptingClass (14ms)
	initialDomainReloadingComplete (37ms)
	LoadAllAssembliesAndSetupDomain (546ms)
		LoadAssemblies (429ms)
		RebuildTransferFunctionScriptingTraits (0ms)
		AnalyzeDomain (224ms)
			TypeCache.Refresh (9ms)
				TypeCache.ScanAssembly (0ms)
			BuildScriptInfoCaches (199ms)
			ResolveRequiredComponents (11ms)
	FinalizeReload (973ms)
		ReleaseScriptCaches (0ms)
		RebuildScriptCaches (0ms)
		SetupLoadedEditorAssemblies (708ms)
			LogAssemblyErrors (0ms)
			InitializePlatformSupportModulesInManaged (18ms)
			SetLoadedEditorAssemblies (8ms)
			BeforeProcessingInitializeOnLoad (201ms)
			ProcessInitializeOnLoadAttributes (393ms)
			ProcessInitializeOnLoadMethodAttributes (77ms)
			AfterProcessingInitializeOnLoad (10ms)
			EditorAssembliesLoaded (0ms)
		ExecutionOrderSort2 (0ms)
		AwakeInstancesAfterBackupRestoration (23ms)
Refreshing native plugins compatible for Editor in 1.12 ms, found 3 plugins.
Preloading 0 native plugins for Editor in 0.00 ms.
Unloading 16 Unused Serialized files (Serialized files now loaded: 0)
Unloading 6225 unused Assets / (3.6 MB). Loaded Objects now: 7439.
Memory consumption went from 172.6 MB to 169.0 MB.
Total: 10.644200 ms (FindLiveObjects: 1.529400 ms CreateObjectMapping: 0.668200 ms MarkObjects: 6.240900 ms  DeleteObjects: 2.203900 ms)

Prepare: number of updated asset objects reloaded= 0
========================================================================
Received Import Request.
  Time since last request: 164.192109 seconds.
  path: Assets/AutonomousAgent/Prefabs/AI_Agent_01.prefab
  artifactKey: Guid(a4e70ddbb4d6b8842b1def17ff4685fa) Importer(815301076,1909f56bfc062723c751e8b465ee728b)
Start importing Assets/AutonomousAgent/Prefabs/AI_Agent_01.prefab using Guid(a4e70ddbb4d6b8842b1def17ff4685fa) Importer(815301076,1909f56bfc062723c751e8b465ee728b) (PreviewImporter) -> (artifact id: '3e16e01ad44030e5bc02c1c54c962587') in 0.6516597 seconds
Number of updated asset objects reloaded before import = 0Number of asset objects unloaded after import = 171

========================================================================
Received Import Request.
  Time since last request: 9.108823 seconds.
  path: Assets/AutonomousAgent/Prefabs/AI_Agent_01.prefab
  artifactKey: Guid(a4e70ddbb4d6b8842b1def17ff4685fa) Importer(815301076,1909f56bfc062723c751e8b465ee728b)
Start importing Assets/AutonomousAgent/Prefabs/AI_Agent_01.prefab using Guid(a4e70ddbb4d6b8842b1def17ff4685fa) Importer(815301076,1909f56bfc062723c751e8b465ee728b) (PreviewImporter) -> (artifact id: '65e5639d71a11d83080bf1fc9127738e') in 0.070582 seconds
Number of updated asset objects reloaded before import = 0Number of asset objects unloaded after import = 171

========================================================================
Received Import Request.
  Time since last request: 12.884203 seconds.
  path: Assets/AutonomousAgent/Prefabs/AI_Agent_01.prefab
  artifactKey: Guid(a4e70ddbb4d6b8842b1def17ff4685fa) Importer(815301076,1909f56bfc062723c751e8b465ee728b)
Start importing Assets/AutonomousAgent/Prefabs/AI_Agent_01.prefab using Guid(a4e70ddbb4d6b8842b1def17ff4685fa) Importer(815301076,1909f56bfc062723c751e8b465ee728b) (PreviewImporter) -> (artifact id: '2a23b743da3fb2c82a63b3d91615c4c6') in 0.0777787 seconds
Number of updated asset objects reloaded before import = 0Number of asset objects unloaded after import = 171

========================================================================
Received Import Request.
  Time since last request: 9.338727 seconds.
  path: Assets/AutonomousAgent/Prefabs/AI_Agent_01.prefab
  artifactKey: Guid(a4e70ddbb4d6b8842b1def17ff4685fa) Importer(815301076,1909f56bfc062723c751e8b465ee728b)
Start importing Assets/AutonomousAgent/Prefabs/AI_Agent_01.prefab using Guid(a4e70ddbb4d6b8842b1def17ff4685fa) Importer(815301076,1909f56bfc062723c751e8b465ee728b) (PreviewImporter) -> (artifact id: '689086c6f2bdcc16f12dd4ee35a3aade') in 0.065418 seconds
Number of updated asset objects reloaded before import = 0Number of asset objects unloaded after import = 171

========================================================================
Received Import Request.
  Time since last request: 12.796432 seconds.
  path: Assets/AutonomousAgent/Prefabs/AI_Agent_01.prefab
  artifactKey: Guid(a4e70ddbb4d6b8842b1def17ff4685fa) Importer(815301076,1909f56bfc062723c751e8b465ee728b)
Start importing Assets/AutonomousAgent/Prefabs/AI_Agent_01.prefab using Guid(a4e70ddbb4d6b8842b1def17ff4685fa) Importer(815301076,1909f56bfc062723c751e8b465ee728b) (PreviewImporter) -> (artifact id: '70d1c416f15ad2a96698da86e4176184') in 0.0665412 seconds
Number of updated asset objects reloaded before import = 0Number of asset objects unloaded after import = 171

========================================================================
Received Prepare
Begin MonoManager ReloadAssembly
[Licensing::Client] Successfully resolved entitlement details
- Loaded All Assemblies, in  0.895 seconds
Refreshing native plugins compatible for Editor in 1.19 ms, found 3 plugins.
Native extension for Android target not found
Native extension for WindowsStandalone target not found
[Package Manager] Failed to launch server process. Reason: Unity was launched with the -noUpm command-line argument
[Package Manager] Unable to send message (not connected to server process).
[Package Manager] Cannot connect to Unity Package Manager local server
ScheduleIndexationOnStartup MainProcess:False IndexOnStartup:True
Mono: successfully reloaded assembly
- Finished resetting the current domain, in  0.860 seconds
Domain Reload Profiling: 1754ms
	BeginReloadAssembly (277ms)
		ExecutionOrderSort (0ms)
		DisableScriptedObjects (30ms)
		BackupInstance (0ms)
		ReleaseScriptingObjects (1ms)
		CreateAndSetChildDomain (65ms)
	RebuildCommonClasses (39ms)
	RebuildNativeTypeToScriptingClass (13ms)
	initialDomainReloadingComplete (38ms)
	LoadAllAssembliesAndSetupDomain (527ms)
		LoadAssemblies (410ms)
		RebuildTransferFunctionScriptingTraits (0ms)
		AnalyzeDomain (231ms)
			TypeCache.Refresh (9ms)
				TypeCache.ScanAssembly (0ms)
			BuildScriptInfoCaches (202ms)
			ResolveRequiredComponents (14ms)
	FinalizeReload (861ms)
		ReleaseScriptCaches (0ms)
		RebuildScriptCaches (0ms)
		SetupLoadedEditorAssemblies (650ms)
			LogAssemblyErrors (0ms)
			InitializePlatformSupportModulesInManaged (11ms)
			SetLoadedEditorAssemblies (5ms)
			BeforeProcessingInitializeOnLoad (176ms)
			ProcessInitializeOnLoadAttributes (369ms)
			ProcessInitializeOnLoadMethodAttributes (78ms)
			AfterProcessingInitializeOnLoad (10ms)
			EditorAssembliesLoaded (0ms)
		ExecutionOrderSort2 (0ms)
		AwakeInstancesAfterBackupRestoration (26ms)
Refreshing native plugins compatible for Editor in 1.43 ms, found 3 plugins.
Preloading 0 native plugins for Editor in 0.00 ms.
Unloading 16 Unused Serialized files (Serialized files now loaded: 0)
Unloading 6225 unused Assets / (3.5 MB). Loaded Objects now: 7462.
Memory consumption went from 172.7 MB to 169.1 MB.
Total: 10.266300 ms (FindLiveObjects: 0.682900 ms CreateObjectMapping: 0.426700 ms MarkObjects: 7.179100 ms  DeleteObjects: 1.975800 ms)

Prepare: number of updated asset objects reloaded= 0
========================================================================
Received Import Request.
  Time since last request: 18.983251 seconds.
  path: Assets/AutonomousAgent/Prefabs/AI_Agent_01.prefab
  artifactKey: Guid(a4e70ddbb4d6b8842b1def17ff4685fa) Importer(815301076,1909f56bfc062723c751e8b465ee728b)
Start importing Assets/AutonomousAgent/Prefabs/AI_Agent_01.prefab using Guid(a4e70ddbb4d6b8842b1def17ff4685fa) Importer(815301076,1909f56bfc062723c751e8b465ee728b) (PreviewImporter) -> (artifact id: '0a166c259d80ac4d944cc3144b30450a') in 0.6799245 seconds
Number of updated asset objects reloaded before import = 0Number of asset objects unloaded after import = 171

========================================================================
Received Import Request.
  Time since last request: 5.011195 seconds.
  path: Assets/AutonomousAgent/Prefabs/AI_Agent_01.prefab
  artifactKey: Guid(a4e70ddbb4d6b8842b1def17ff4685fa) Importer(815301076,1909f56bfc062723c751e8b465ee728b)
Start importing Assets/AutonomousAgent/Prefabs/AI_Agent_01.prefab using Guid(a4e70ddbb4d6b8842b1def17ff4685fa) Importer(815301076,1909f56bfc062723c751e8b465ee728b) (PreviewImporter) -> (artifact id: 'c44d6d22d98e65bc29ff9ecc7a901725') in 0.0660399 seconds
Number of updated asset objects reloaded before import = 0Number of asset objects unloaded after import = 171

========================================================================
Received Import Request.
  Time since last request: 16.154690 seconds.
  path: Assets/AutonomousAgent/Prefabs/AI_Agent_01.prefab
  artifactKey: Guid(a4e70ddbb4d6b8842b1def17ff4685fa) Importer(815301076,1909f56bfc062723c751e8b465ee728b)
Start importing Assets/AutonomousAgent/Prefabs/AI_Agent_01.prefab using Guid(a4e70ddbb4d6b8842b1def17ff4685fa) Importer(815301076,1909f56bfc062723c751e8b465ee728b) (PreviewImporter) -> (artifact id: 'f4810a5b34e87f26cd20100ae9f90e18') in 0.0782695 seconds
Number of updated asset objects reloaded before import = 0Number of asset objects unloaded after import = 171

========================================================================
Received Import Request.
  Time since last request: 40.839099 seconds.
  path: Assets/AutonomousAgent/Prefabs/AI_Agent_01.prefab
  artifactKey: Guid(a4e70ddbb4d6b8842b1def17ff4685fa) Importer(815301076,1909f56bfc062723c751e8b465ee728b)
Start importing Assets/AutonomousAgent/Prefabs/AI_Agent_01.prefab using Guid(a4e70ddbb4d6b8842b1def17ff4685fa) Importer(815301076,1909f56bfc062723c751e8b465ee728b) (PreviewImporter) -> (artifact id: 'a3d354e4cd722ae565443604501c3e9d') in 0.0695418 seconds
Number of updated asset objects reloaded before import = 0Number of asset objects unloaded after import = 171

========================================================================
Received Prepare
Begin MonoManager ReloadAssembly
[Licensing::Client] Successfully resolved entitlement details
- Loaded All Assemblies, in  0.868 seconds
Refreshing native plugins compatible for Editor in 1.63 ms, found 3 plugins.
Native extension for Android target not found
Native extension for WindowsStandalone target not found
[Package Manager] Failed to launch server process. Reason: Unity was launched with the -noUpm command-line argument
[Package Manager] Unable to send message (not connected to server process).
[Package Manager] Cannot connect to Unity Package Manager local server
ScheduleIndexationOnStartup MainProcess:False IndexOnStartup:True
Mono: successfully reloaded assembly
- Finished resetting the current domain, in  0.915 seconds
Domain Reload Profiling: 1781ms
	BeginReloadAssembly (261ms)
		ExecutionOrderSort (0ms)
		DisableScriptedObjects (25ms)
		BackupInstance (0ms)
		ReleaseScriptingObjects (0ms)
		CreateAndSetChildDomain (60ms)
	RebuildCommonClasses (42ms)
	RebuildNativeTypeToScriptingClass (13ms)
	initialDomainReloadingComplete (38ms)
	LoadAllAssembliesAndSetupDomain (511ms)
		LoadAssemblies (399ms)
		RebuildTransferFunctionScriptingTraits (0ms)
		AnalyzeDomain (219ms)
			TypeCache.Refresh (7ms)
				TypeCache.ScanAssembly (0ms)
			BuildScriptInfoCaches (192ms)
			ResolveRequiredComponents (13ms)
	FinalizeReload (915ms)
		ReleaseScriptCaches (0ms)
		RebuildScriptCaches (0ms)
		SetupLoadedEditorAssemblies (689ms)
			LogAssemblyErrors (0ms)
			InitializePlatformSupportModulesInManaged (17ms)
			SetLoadedEditorAssemblies (6ms)
			BeforeProcessingInitializeOnLoad (174ms)
			ProcessInitializeOnLoadAttributes (397ms)
			ProcessInitializeOnLoadMethodAttributes (87ms)
			AfterProcessingInitializeOnLoad (8ms)
			EditorAssembliesLoaded (0ms)
		ExecutionOrderSort2 (0ms)
		AwakeInstancesAfterBackupRestoration (23ms)
Refreshing native plugins compatible for Editor in 1.41 ms, found 3 plugins.
Preloading 0 native plugins for Editor in 0.00 ms.
Unloading 16 Unused Serialized files (Serialized files now loaded: 0)
Unloading 6225 unused Assets / (3.6 MB). Loaded Objects now: 7485.
Memory consumption went from 172.7 MB to 169.2 MB.
Total: 11.647700 ms (FindLiveObjects: 0.919200 ms CreateObjectMapping: 0.787500 ms MarkObjects: 8.101400 ms  DeleteObjects: 1.837600 ms)

Prepare: number of updated asset objects reloaded= 0
========================================================================
Received Import Request.
  Time since last request: 18.135363 seconds.
  path: Assets/AutonomousAgent/Prefabs/AI_Agent_01.prefab
  artifactKey: Guid(a4e70ddbb4d6b8842b1def17ff4685fa) Importer(815301076,1909f56bfc062723c751e8b465ee728b)
Start importing Assets/AutonomousAgent/Prefabs/AI_Agent_01.prefab using Guid(a4e70ddbb4d6b8842b1def17ff4685fa) Importer(815301076,1909f56bfc062723c751e8b465ee728b) (PreviewImporter) -> (artifact id: 'b2a51ef9623bc236ebdf2462d2666ab9') in 0.6745281 seconds
Number of updated asset objects reloaded before import = 0Number of asset objects unloaded after import = 171

